location_id,kpi_date,category,total_revenue,units_sold,avg_price_per_unit,gross_margin_pct,gross_profit,units_per_day,days_to_sellthrough
1,2026-02-15,Flower,10397.63,288,36.1,44.64,4641.41,288,11.5
1,2026-02-15,Pre-Rolls,4606.93,320,14.4,40.89,1883.99,320,19.35
1,2026-02-15,Edibles,6010.38,232,25.91,39.37,2366.09,232,27.83
1,2026-02-15,Vapes,5022.5,106,47.38,26.76,1343.91,106,27.99
1,2026-02-15,Concentrates,2296.66,82,28.01,34.95,802.77,82,28.42
1,2026-02-15,Topicals,978.01,25,39.12,43.77,428.05,25,5.23
1,2026-02-15,Tinctures,604.95,27,22.41,49.83,301.45,27,12.11
1,2026-02-16,Flower,7160.08,154,46.49,39.94,2859.67,154,20.14
1,2026-02-16,Pre-Rolls,2991.44,265,11.29,41.93,1254.25,265,7.82
1,2026-02-16,Edibles,3475.34,158,22.0,32.57,1132.01,158,9.65
1,2026-02-16,Vapes,3512.95,78,45.04,30.68,1077.7,78,23.93
1,2026-02-16,Concentrates,1219.76,32,38.12,38.97,475.35,32,25.67
1,2026-02-16,Topicals,560.74,25,22.43,41.69,233.79,25,9.62
1,2026-02-16,Tinctures,345.9,13,26.61,42.48,146.94,13,11.52
1,2026-02-17,Flower,7635.16,145,52.66,44.54,3400.73,145,11.23
1,2026-02-17,Pre-Rolls,3608.98,446,8.09,46.54,1679.5,446,22.32
1,2026-02-17,Edibles,4203.2,250,16.81,33.07,1389.92,250,15.14
1,2026-02-17,Vapes,4148.05,87,47.68,32.04,1328.85,87,12.77
1,2026-02-17,Concentrates,1488.95,38,39.18,32.95,490.61,38,20.37
1,2026-02-17,Topicals,652.18,28,23.29,36.53,238.25,28,23.69
1,2026-02-17,Tinctures,470.4,16,29.4,45.49,214.0,16,16.77
1,2026-02-18,Flower,7201.38,144,50.01,37.18,2677.77,144,10.46
1,2026-02-18,Pre-Rolls,3219.39,228,14.12,40.82,1314.11,228,16.17
1,2026-02-18,Edibles,4250.88,262,16.22,35.64,1515.09,262,6.54
1,2026-02-18,Vapes,3711.01,98,37.87,30.73,1140.28,98,8.75
1,2026-02-18,Concentrates,1380.41,45,30.68,31.16,430.17,45,10.14
1,2026-02-18,Topicals,622.85,28,22.24,40.1,249.79,28,25.22
1,2026-02-18,Tinctures,404.64,13,31.13,44.57,180.34,13,6.44
1,2026-02-19,Flower,6596.98,121,54.52,42.23,2786.09,121,12.54
1,2026-02-19,Pre-Rolls,3029.01,229,13.23,45.78,1386.77,229,6.13
1,2026-02-19,Edibles,3680.18,230,16.0,39.94,1469.91,230,28.36
1,2026-02-19,Vapes,3123.79,64,48.81,25.32,790.86,64,15.22
1,2026-02-19,Concentrates,1400.91,39,35.92,39.78,557.33,39,21.15
1,2026-02-19,Topicals,560.67,14,40.05,38.82,217.68,14,26.74
1,2026-02-19,Tinctures,410.73,14,29.34,46.83,192.33,14,21.54
1,2026-02-20,Flower,6258.29,126,49.67,38.48,2408.04,126,9.5
1,2026-02-20,Pre-Rolls,2681.04,229,11.71,47.28,1267.56,229,10.57
1,2026-02-20,Edibles,3195.91,208,15.36,32.98,1054.13,208,21.84
1,2026-02-20,Vapes,3221.83,84,38.36,33.23,1070.73,84,11.19
1,2026-02-20,Concentrates,1203.69,47,25.61,39.37,473.94,47,23.13
1,2026-02-20,Topicals,491.03,13,37.77,39.19,192.45,13,24.15
1,2026-02-20,Tinctures,382.06,18,21.23,42.06,160.7,18,7.52
1,2026-02-21,Flower,7614.47,158,48.19,42.03,3200.58,158,7.68
1,2026-02-21,Pre-Rolls,3772.23,348,10.84,42.34,1597.29,348,10.43
1,2026-02-21,Edibles,5147.87,324,15.89,35.04,1803.76,324,12.23
1,2026-02-21,Vapes,4591.67,106,43.32,28.19,1294.35,106,19.95
1,2026-02-21,Concentrates,1737.53,65,26.73,33.02,573.69,65,8.58
1,2026-02-21,Topicals,742.88,30,24.76,38.01,282.33,30,6.52
1,2026-02-21,Tinctures,522.92,13,40.22,49.12,256.84,13,20.65
1,2026-02-22,Flower,10351.7,230,45.01,44.72,4629.58,230,20.18
1,2026-02-22,Pre-Rolls,4656.27,344,13.54,43.19,2010.92,344,15.41
1,2026-02-22,Edibles,5581.53,270,20.67,37.54,2095.54,270,16.84
1,2026-02-22,Vapes,5779.85,177,32.65,32.08,1853.93,177,25.14
1,2026-02-22,Concentrates,2275.2,72,31.6,39.68,902.75,72,18.93
1,2026-02-22,Topicals,834.51,33,25.29,37.03,309.05,33,21.17
1,2026-02-22,Tinctures,650.96,17,38.29,40.92,266.4,17,23.11
1,2026-02-23,Flower,6216.32,163,38.14,41.74,2594.49,163,15.44
1,2026-02-23,Pre-Rolls,3052.15,327,9.33,47.62,1453.34,327,23.11
1,2026-02-23,Edibles,3831.15,172,22.27,38.69,1482.46,172,13.32
1,2026-02-23,Vapes,3719.43,146,25.48,34.37,1278.43,146,29.05
1,2026-02-23,Concentrates,1223.87,30,40.8,34.79,425.77,30,11.06
1,2026-02-23,Topicals,579.85,24,24.16,44.15,256.01,24,18.8
1,2026-02-23,Tinctures,399.52,14,28.54,45.34,181.13,14,13.98
1,2026-02-24,Flower,7022.38,154,45.6,39.97,2807.04,154,8.38
1,2026-02-24,Pre-Rolls,3464.52,306,11.32,48.4,1676.73,306,27.86
1,2026-02-24,Edibles,4104.77,193,21.27,35.63,1462.33,193,10.53
1,2026-02-24,Vapes,3523.8,111,31.75,34.35,1210.34,111,19.48
1,2026-02-24,Concentrates,1450.49,62,23.4,33.3,483.0,62,14.5
1,2026-02-24,Topicals,674.2,22,30.65,41.55,280.1,22,22.12
1,2026-02-24,Tinctures,400.92,11,36.45,49.67,199.12,11,21.04
1,2026-02-25,Flower,7337.61,209,35.11,42.95,3151.49,209,9.37
1,2026-02-25,Pre-Rolls,3289.44,288,11.42,49.17,1617.39,288,18.55
1,2026-02-25,Edibles,4319.97,272,15.88,30.34,1310.6,272,26.17
1,2026-02-25,Vapes,4117.37,98,42.01,32.64,1344.05,98,15.31
1,2026-02-25,Concentrates,1571.02,63,24.94,37.07,582.4,63,5.23
1,2026-02-25,Topicals,630.85,22,28.67,41.18,259.77,22,21.67
1,2026-02-25,Tinctures,429.87,14,30.71,44.88,192.92,14,5.17
1,2026-02-26,Flower,6305.0,207,30.46,40.29,2540.55,207,10.85
1,2026-02-26,Pre-Rolls,2929.93,360,8.14,48.13,1410.22,360,21.85
1,2026-02-26,Edibles,3784.39,132,28.67,31.07,1175.82,132,7.41
1,2026-02-26,Vapes,2984.06,100,29.84,30.26,903.11,100,25.38
1,2026-02-26,Concentrates,1190.03,42,28.33,33.73,401.4,42,15.15
1,2026-02-26,Topicals,541.86,13,41.68,37.26,201.89,13,22.1
1,2026-02-26,Tinctures,381.41,11,34.67,48.58,185.3,11,23.99
1,2026-02-27,Flower,6805.79,164,41.5,40.53,2758.18,164,7.79
1,2026-02-27,Pre-Rolls,2863.4,311,9.21,45.0,1288.49,311,15.85
1,2026-02-27,Edibles,4473.95,190,23.55,38.58,1726.03,190,7.38
1,2026-02-27,Vapes,3831.32,146,26.24,27.11,1038.83,146,26.7
1,2026-02-27,Concentrates,1596.45,54,29.56,30.47,486.37,54,6.86
1,2026-02-27,Topicals,689.02,18,38.28,40.64,279.99,18,5.82
1,2026-02-27,Tinctures,459.62,17,27.04,49.61,228.04,17,19.68
1,2026-02-28,Flower,9973.16,194,51.41,38.98,3887.83,194,8.08
1,2026-02-28,Pre-Rolls,3794.24,391,9.7,48.35,1834.38,391,14.73
1,2026-02-28,Edibles,5855.49,293,19.98,37.56,2199.09,293,8.5
1,2026-02-28,Vapes,5359.74,124,43.22,30.01,1608.35,124,29.36
1,2026-02-28,Concentrates,1729.34,60,28.82,38.39,663.84,60,13.51
1,2026-02-28,Topicals,857.57,21,40.84,38.97,334.17,21,24.34
1,2026-02-28,Tinctures,491.49,19,25.87,49.93,245.38,19,17.27
1,2026-03-01,Flower,9190.33,157,58.54,39.32,3613.5,157,16.52
1,2026-03-01,Pre-Rolls,4186.0,486,8.61,46.19,1933.35,486,24.95
1,2026-03-01,Edibles,5638.04,347,16.25,31.54,1778.36,347,22.79
1,2026-03-01,Vapes,4997.14,114,43.83,28.17,1407.53,114,7.66
1,2026-03-01,Concentrates,1705.35,65,26.24,33.6,572.98,65,11.74
1,2026-03-01,Topicals,751.52,31,24.24,39.49,296.76,31,18.87
1,2026-03-01,Tinctures,530.81,25,21.23,43.54,231.11,25,7.33
1,2026-03-02,Flower,6531.99,164,39.83,38.85,2537.83,164,11.09
1,2026-03-02,Pre-Rolls,2683.98,312,8.6,49.01,1315.45,312,27.63
1,2026-03-02,Edibles,4010.88,170,23.59,31.7,1271.28,170,14.52
1,2026-03-02,Vapes,3056.72,93,32.87,29.93,914.91,93,6.58
1,2026-03-02,Concentrates,1264.53,44,28.74,34.84,440.59,44,6.92
1,2026-03-02,Topicals,521.85,20,26.09,41.25,215.26,20,19.85
1,2026-03-02,Tinctures,343.79,15,22.92,43.05,147.99,15,28.72
1,2026-03-03,Flower,7125.46,146,48.8,43.04,3066.85,146,11.61
1,2026-03-03,Pre-Rolls,3055.36,222,13.76,48.6,1484.76,222,29.36
1,2026-03-03,Edibles,3906.46,197,19.83,39.47,1541.99,197,10.02
1,2026-03-03,Vapes,3650.85,74,49.34,34.69,1266.38,74,12.29
1,2026-03-03,Concentrates,1532.07,51,30.04,35.76,547.85,51,11.06
1,2026-03-03,Topicals,616.29,16,38.52,38.93,239.92,16,7.85
1,2026-03-03,Tinctures,426.69,13,32.82,45.46,193.96,13,22.04
1,2026-03-04,Flower,8044.41,137,58.72,39.62,3186.89,137,16.92
1,2026-03-04,Pre-Rolls,3371.39,335,10.06,46.93,1582.14,335,25.47
1,2026-03-04,Edibles,4820.33,228,21.14,34.99,1686.78,228,20.83
1,2026-03-04,Vapes,3884.74,93,41.77,32.15,1249.04,93,24.73
1,2026-03-04,Concentrates,1457.19,36,40.48,34.79,506.99,36,15.02
1,2026-03-04,Topicals,683.58,17,40.21,41.92,286.54,17,18.59
1,2026-03-04,Tinctures,481.58,17,28.33,48.96,235.76,17,18.42
1,2026-03-05,Flower,6948.07,213,32.62,42.69,2966.1,213,16.21
1,2026-03-05,Pre-Rolls,2813.64,224,12.56,40.44,1137.92,224,29.59
1,2026-03-05,Edibles,4000.69,190,21.06,37.53,1501.33,190,29.14
1,2026-03-05,Vapes,3428.83,135,25.4,27.59,945.93,135,17.77
1,2026-03-05,Concentrates,1357.33,42,32.32,35.75,485.28,42,16.14
1,2026-03-05,Topicals,566.91,15,37.79,40.89,231.79,15,17.51
1,2026-03-05,Tinctures,374.38,18,20.8,41.05,153.66,18,15.4
1,2026-03-06,Flower,8751.18,261,33.53,44.41,3886.12,261,8.98
1,2026-03-06,Pre-Rolls,3304.27,295,11.2,42.07,1390.06,295,17.07
1,2026-03-06,Edibles,4556.1,211,21.59,36.97,1684.28,211,12.97
1,2026-03-06,Vapes,3955.54,87,45.47,26.15,1034.41,87,26.23
1,2026-03-06,Concentrates,1649.69,49,33.67,31.64,522.02,49,29.6
1,2026-03-06,Topicals,651.52,27,24.13,36.6,238.46,27,19.0
1,2026-03-06,Tinctures,499.77,20,24.99,44.05,220.15,20,9.61
1,2026-03-07,Flower,8191.78,190,43.11,35.29,2891.04,190,15.6
1,2026-03-07,Pre-Rolls,3208.11,264,12.15,43.89,1407.98,264,22.62
1,2026-03-07,Edibles,4285.18,163,26.29,38.09,1632.11,163,6.56
1,2026-03-07,Vapes,3771.4,80,47.14,26.87,1013.36,80,13.15
1,2026-03-07,Concentrates,1580.05,62,25.48,38.63,610.32,62,18.19
1,2026-03-07,Topicals,701.97,21,33.43,41.11,288.6,21,19.68
1,2026-03-07,Tinctures,441.46,11,40.13,46.17,203.84,11,25.34
1,2026-03-08,Flower,10670.25,274,38.94,41.14,4390.26,274,8.19
1,2026-03-08,Pre-Rolls,4070.48,461,8.83,43.05,1752.5,461,9.58
1,2026-03-08,Edibles,6082.58,268,22.7,34.18,2079.17,268,8.45
1,2026-03-08,Vapes,5147.85,173,29.76,31.36,1614.11,173,22.34
1,2026-03-08,Concentrates,2109.16,52,40.56,35.55,749.79,52,17.24
1,2026-03-08,Topicals,815.21,31,26.3,39.51,322.09,31,6.34
1,2026-03-08,Tinctures,569.09,28,20.32,41.37,235.41,28,25.38
1,2026-03-09,Flower,6791.01,150,45.27,39.95,2712.99,150,16.59
1,2026-03-09,Pre-Rolls,2618.42,188,13.93,44.89,1175.33,188,7.07
1,2026-03-09,Edibles,3217.96,121,26.59,32.92,1059.38,121,11.87
1,2026-03-09,Vapes,3220.08,110,29.27,29.57,952.28,110,23.56
1,2026-03-09,Concentrates,1309.01,42,31.17,31.13,407.52,42,7.86
1,2026-03-09,Topicals,561.98,15,37.47,38.67,217.31,15,25.57
1,2026-03-09,Tinctures,322.56,9,35.84,45.46,146.65,9,29.74
1,2026-03-10,Flower,7422.65,135,54.98,42.51,3155.62,135,11.17
1,2026-03-10,Pre-Rolls,3801.06,340,11.18,43.49,1652.92,340,25.42
1,2026-03-10,Edibles,4551.77,152,29.95,37.76,1718.58,152,10.92
1,2026-03-10,Vapes,4404.83,110,40.04,28.51,1255.65,110,22.77
1,2026-03-10,Concentrates,1655.6,70,23.65,31.39,519.73,70,10.17
1,2026-03-10,Topicals,650.68,30,21.69,38.51,250.56,30,12.03
1,2026-03-10,Tinctures,464.36,17,27.32,47.04,218.44,17,12.23
1,2026-03-11,Flower,7327.73,131,55.94,44.85,3286.84,131,16.51
1,2026-03-11,Pre-Rolls,3027.07,205,14.77,47.86,1448.66,205,27.97
1,2026-03-11,Edibles,4824.18,172,28.05,31.27,1508.47,172,26.65
1,2026-03-11,Vapes,3754.58,87,43.16,33.28,1249.71,87,24.04
1,2026-03-11,Concentrates,1591.24,53,30.02,35.77,569.26,53,11.72
1,2026-03-11,Topicals,647.44,22,29.43,41.34,267.63,22,27.0
1,2026-03-11,Tinctures,403.42,13,31.03,42.78,172.59,13,28.41
1,2026-03-12,Flower,6432.67,109,59.02,38.27,2461.97,109,7.03
1,2026-03-12,Pre-Rolls,2986.2,227,13.16,47.31,1412.75,227,16.46
1,2026-03-12,Edibles,3898.57,191,20.41,30.63,1194.26,191,18.36
1,2026-03-12,Vapes,3205.47,89,36.02,27.12,869.28,89,11.71
1,2026-03-12,Concentrates,1407.89,52,27.07,35.78,503.73,52,19.15
1,2026-03-12,Topicals,564.54,21,26.88,41.83,236.12,21,6.21
1,2026-03-12,Tinctures,347.24,9,38.58,44.6,154.85,9,8.11
1,2026-03-13,Flower,6955.12,160,43.47,35.01,2434.76,160,20.41
1,2026-03-13,Pre-Rolls,2616.17,204,12.82,41.32,1080.98,204,21.25
1,2026-03-13,Edibles,3456.07,119,29.04,32.74,1131.52,119,21.36
1,2026-03-13,Vapes,3171.49,92,34.47,34.04,1079.51,92,9.14
1,2026-03-13,Concentrates,1271.25,48,26.48,36.99,470.29,48,10.85
1,2026-03-13,Topicals,573.66,16,35.85,35.01,200.84,16,16.92
1,2026-03-13,Tinctures,343.66,14,24.55,46.8,160.83,14,5.23
1,2026-03-14,Flower,9808.92,179,54.8,44.88,4402.39,179,12.91
1,2026-03-14,Pre-Rolls,3747.95,441,8.5,43.83,1642.75,441,23.27
1,2026-03-14,Edibles,4965.17,252,19.7,38.81,1926.98,252,8.43
1,2026-03-14,Vapes,5120.19,116,44.14,26.33,1348.22,116,29.82
1,2026-03-14,Concentrates,1753.08,57,30.76,30.08,527.41,57,21.25
1,2026-03-14,Topicals,799.42,23,34.76,41.28,330.01,23,8.78
1,2026-03-14,Tinctures,529.88,15,35.33,48.6,257.52,15,7.17
1,2026-03-15,Flower,8802.6,167,52.71,40.9,3599.89,167,12.38
1,2026-03-15,Pre-Rolls,4480.05,439,10.21,41.4,1854.67,439,11.92
1,2026-03-15,Edibles,5012.32,215,23.31,36.0,1804.44,215,20.19
1,2026-03-15,Vapes,5194.73,122,42.58,33.48,1739.14,122,21.46
1,2026-03-15,Concentrates,1837.51,60,30.63,35.1,644.88,60,23.7
1,2026-03-15,Topicals,786.5,37,21.26,43.98,345.9,37,28.87
1,2026-03-15,Tinctures,546.13,24,22.76,45.0,245.74,24,19.85
1,2026-03-16,Flower,6140.45,103,59.62,44.87,2755.15,103,20.07
1,2026-03-16,Pre-Rolls,2424.21,172,14.09,45.68,1107.47,172,14.14
1,2026-03-16,Edibles,3616.75,136,26.59,39.54,1430.23,136,24.26
1,2026-03-16,Vapes,2836.64,106,26.76,27.62,783.53,106,6.0
1,2026-03-16,Concentrates,1113.83,31,35.93,35.07,390.58,31,20.71
1,2026-03-16,Topicals,523.47,18,29.08,42.02,219.95,18,7.06
1,2026-03-16,Tinctures,351.46,10,35.15,42.77,150.34,10,12.75
1,2026-03-17,Flower,7954.83,220,36.16,43.08,3426.99,220,14.51
1,2026-03-17,Pre-Rolls,3327.19,267,12.46,48.35,1608.54,267,22.03
1,2026-03-17,Edibles,4141.8,162,25.57,37.3,1544.87,162,26.16
1,2026-03-17,Vapes,3720.92,137,27.16,29.34,1091.9,137,16.33
1,2026-03-17,Concentrates,1621.93,61,26.59,37.42,606.88,61,23.52
1,2026-03-17,Topicals,628.53,18,34.92,42.01,264.07,18,9.1
1,2026-03-17,Tinctures,494.63,16,30.91,47.83,236.58,16,23.02
2,2026-02-15,Flower,14557.07,430,33.85,42.81,6232.06,430,10.76
2,2026-02-15,Pre-Rolls,7200.5,537,13.41,40.29,2901.34,537,25.18
2,2026-02-15,Edibles,8505.51,532,15.99,37.12,3157.52,532,19.42
2,2026-02-15,Vapes,7342.29,201,36.53,28.6,2099.99,201,17.49
2,2026-02-15,Concentrates,3160.9,115,27.49,32.55,1028.91,115,7.57
2,2026-02-15,Topicals,1356.55,39,34.78,37.28,505.78,39,17.72
2,2026-02-15,Tinctures,809.92,21,38.57,42.45,343.78,21,16.79
2,2026-02-16,Flower,10570.44,306,34.54,44.31,4683.93,306,19.0
2,2026-02-16,Pre-Rolls,4687.8,325,14.42,47.41,2222.33,325,15.48
2,2026-02-16,Edibles,5964.57,280,21.3,37.2,2218.99,280,11.78
2,2026-02-16,Vapes,5096.57,148,34.44,30.02,1530.01,148,27.55
2,2026-02-16,Concentrates,2025.92,56,36.18,39.81,806.6,56,28.85
2,2026-02-16,Topicals,847.77,28,30.28,37.82,320.65,28,26.12
2,2026-02-16,Tinctures,597.14,19,31.43,40.08,239.33,19,10.02
2,2026-02-17,Flower,10761.85,275,39.13,41.23,4436.81,275,13.49
2,2026-02-17,Pre-Rolls,4637.62,404,11.48,47.73,2213.36,404,9.89
2,2026-02-17,Edibles,6558.45,248,26.45,32.45,2128.3,248,5.16
2,2026-02-17,Vapes,5366.6,174,30.84,28.46,1527.56,174,25.99
2,2026-02-17,Concentrates,2285.58,58,39.41,30.01,686.01,58,21.43
2,2026-02-17,Topicals,974.4,28,34.8,36.04,351.17,28,18.25
2,2026-02-17,Tinctures,575.42,19,30.29,40.6,233.61,19,29.92
2,2026-02-18,Flower,13099.95,399,32.83,44.21,5791.85,399,19.56
2,2026-02-18,Pre-Rolls,5407.55,418,12.94,43.72,2364.45,418,29.36
2,2026-02-18,Edibles,6585.46,400,16.46,31.34,2063.56,400,25.5
2,2026-02-18,Vapes,5913.9,150,39.43,29.35,1735.72,150,29.11
2,2026-02-18,Concentrates,2381.26,94,25.33,33.15,789.39,94,25.02
2,2026-02-18,Topicals,1120.5,32,35.02,38.18,427.81,32,11.8
2,2026-02-18,Tinctures,657.08,27,24.34,47.8,314.08,27,19.62
2,2026-02-19,Flower,10412.08,298,34.94,39.66,4129.49,298,12.69
2,2026-02-19,Pre-Rolls,4827.05,327,14.76,42.08,2031.05,327,12.71
2,2026-02-19,Edibles,6089.83,362,16.82,31.58,1922.93,362,22.15
2,2026-02-19,Vapes,6126.56,144,42.55,25.4,1556.35,144,25.9
2,2026-02-19,Concentrates,2159.52,98,22.04,32.48,701.46,98,13.89
2,2026-02-19,Topicals,961.1,28,34.33,37.6,361.39,28,29.77
2,2026-02-19,Tinctures,579.09,20,28.95,44.52,257.82,20,23.7
2,2026-02-20,Flower,10778.92,245,44.0,43.04,4639.13,245,8.96
2,2026-02-20,Pre-Rolls,4388.17,317,13.84,49.83,2186.43,317,8.27
2,2026-02-20,Edibles,6903.48,335,20.61,36.3,2506.17,335,21.12
2,2026-02-20,Vapes,5931.46,188,31.55,33.13,1964.94,188,5.55
2,2026-02-20,Concentrates,2071.65,54,38.36,34.43,713.36,54,8.22
2,2026-02-20,Topicals,1051.36,28,37.55,38.32,402.83,28,6.07
2,2026-02-20,Tinctures,643.32,27,23.83,45.74,294.25,27,25.54
2,2026-02-21,Flower,15473.56,501,30.89,41.83,6472.92,501,9.42
2,2026-02-21,Pre-Rolls,6387.29,686,9.31,42.8,2733.67,686,27.09
2,2026-02-21,Edibles,8191.12,337,24.31,32.46,2658.66,337,12.38
2,2026-02-21,Vapes,7985.46,205,38.95,25.61,2045.06,205,11.99
2,2026-02-21,Concentrates,2931.75,122,24.03,38.85,1138.88,122,18.15
2,2026-02-21,Topicals,1390.18,38,36.58,42.95,597.06,38,29.74
2,2026-02-21,Tinctures,954.09,35,27.26,45.45,433.59,35,17.12
2,2026-02-22,Flower,14532.6,322,45.13,38.88,5650.83,322,9.52
2,2026-02-22,Pre-Rolls,5544.99,581,9.54,48.96,2714.69,581,24.46
2,2026-02-22,Edibles,6993.97,234,29.89,35.29,2468.48,234,24.17
2,2026-02-22,Vapes,7593.94,153,49.63,26.0,1974.53,153,21.42
2,2026-02-22,Concentrates,2559.55,70,36.56,39.17,1002.64,70,6.4
2,2026-02-22,Topicals,1264.92,51,24.8,43.47,549.8,51,24.93
2,2026-02-22,Tinctures,744.84,20,37.24,48.45,360.89,20,9.4
2,2026-02-23,Flower,11423.2,210,54.4,41.98,4795.03,210,19.8
2,2026-02-23,Pre-Rolls,4353.16,337,12.92,49.48,2153.75,337,19.09
2,2026-02-23,Edibles,6489.85,364,17.83,39.88,2588.15,364,27.04
2,2026-02-23,Vapes,5759.09,175,32.91,29.9,1722.22,175,7.26
2,2026-02-23,Concentrates,2123.18,87,24.4,35.26,748.73,87,5.02
2,2026-02-23,Topicals,1041.69,43,24.23,36.3,378.18,43,22.92
2,2026-02-23,Tinctures,694.57,18,38.59,43.24,300.31,18,5.55
2,2026-02-24,Flower,11581.4,201,57.62,42.74,4950.31,201,18.85
2,2026-02-24,Pre-Rolls,5230.88,355,14.73,43.74,2287.77,355,28.55
2,2026-02-24,Edibles,6369.42,385,16.54,33.02,2103.03,385,8.41
2,2026-02-24,Vapes,5453.69,111,49.13,32.92,1795.27,111,29.02
2,2026-02-24,Concentrates,2344.77,99,23.68,39.69,930.58,99,22.34
2,2026-02-24,Topicals,1059.48,29,36.53,37.23,394.47,29,19.72
2,2026-02-24,Tinctures,608.29,23,26.45,46.88,285.2,23,8.18
2,2026-02-25,Flower,11456.66,195,58.75,44.49,5096.72,195,12.48
2,2026-02-25,Pre-Rolls,5159.26,349,14.78,40.32,2080.41,349,20.06
2,2026-02-25,Edibles,6787.31,229,29.64,32.21,2186.12,229,19.14
2,2026-02-25,Vapes,6126.22,214,28.63,32.45,1988.17,214,10.95
2,2026-02-25,Concentrates,2402.44,102,23.55,38.85,933.42,102,7.22
2,2026-02-25,Topicals,978.27,29,33.73,43.87,429.13,29,16.17
2,2026-02-25,Tinctures,596.62,23,25.94,40.68,242.69,23,11.42
2,2026-02-26,Flower,9471.23,315,30.07,38.86,3680.46,315,17.26
2,2026-02-26,Pre-Rolls,4817.59,339,14.21,44.93,2164.58,339,14.47
2,2026-02-26,Edibles,5926.55,358,16.55,34.79,2062.14,358,26.6
2,2026-02-26,Vapes,5444.83,129,42.21,26.63,1449.77,129,6.84
2,2026-02-26,Concentrates,2197.51,84,26.16,33.19,729.29,84,28.79
2,2026-02-26,Topicals,805.86,34,23.7,38.75,312.31,34,23.3
2,2026-02-26,Tinctures,592.77,15,39.52,40.93,242.63,15,19.85
2,2026-02-27,Flower,13044.73,293,44.52,35.31,4606.09,293,20.19
2,2026-02-27,Pre-Rolls,5100.11,358,14.25,41.57,2120.17,358,7.53
2,2026-02-27,Edibles,6859.25,384,17.86,36.97,2536.0,384,23.05
2,2026-02-27,Vapes,6861.33,216,31.77,27.82,1908.5,216,10.94
2,2026-02-27,Concentrates,2321.19,73,31.8,38.4,891.3,73,8.84
2,2026-02-27,Topicals,1062.84,37,28.73,37.95,403.3,37,21.55
2,2026-02-27,Tinctures,743.46,30,24.78,40.26,299.3,30,9.27
2,2026-02-28,Flower,13559.08,417,32.52,43.44,5889.75,417,11.32
2,2026-02-28,Pre-Rolls,5939.16,519,11.44,46.61,2768.27,519,7.28
2,2026-02-28,Edibles,8156.02,458,17.81,38.85,3169.02,458,14.24
2,2026-02-28,Vapes,7197.3,227,31.71,29.65,2134.04,227,10.66
2,2026-02-28,Concentrates,2698.66,127,21.25,37.52,1012.6,127,21.69
2,2026-02-28,Topicals,1112.22,41,27.13,40.41,449.5,41,29.27
2,2026-02-28,Tinctures,822.98,26,31.65,48.41,398.39,26,25.46
2,2026-03-01,Flower,16870.06,366,46.09,43.67,7366.98,366,13.65
2,2026-03-01,Pre-Rolls,7910.64,697,11.35,40.79,3226.71,697,27.57
2,2026-03-01,Edibles,10219.53,453,22.56,39.0,3986.08,453,25.01
2,2026-03-01,Vapes,9132.71,225,40.59,26.2,2393.03,225,23.93
2,2026-03-01,Concentrates,3205.43,80,40.07,39.72,1273.25,80,25.21
2,2026-03-01,Topicals,1360.03,47,28.94,44.88,610.42,47,15.88
2,2026-03-01,Tinctures,1077.41,33,32.65,48.34,520.83,33,11.45
2,2026-03-02,Flower,11874.72,206,57.64,35.67,4235.73,206,12.43
2,2026-03-02,Pre-Rolls,4606.24,447,10.3,42.76,1969.72,447,16.45
2,2026-03-02,Edibles,6738.73,251,26.85,36.23,2441.48,251,18.06
2,2026-03-02,Vapes,5552.58,157,35.37,26.48,1470.44,157,19.7
2,2026-03-02,Concentrates,2308.04,59,39.12,39.25,905.89,59,19.07
2,2026-03-02,Topicals,865.5,33,26.23,40.36,349.28,33,13.6
2,2026-03-02,Tinctures,615.86,22,27.99,44.86,276.25,22,20.22
2,2026-03-03,Flower,10125.18,264,38.35,36.44,3689.47,264,15.52
2,2026-03-03,Pre-Rolls,4966.91,600,8.28,48.9,2428.61,600,13.29
2,2026-03-03,Edibles,6040.99,230,26.27,39.21,2368.57,230,27.43
2,2026-03-03,Vapes,5187.46,114,45.5,28.03,1454.07,114,12.01
2,2026-03-03,Concentrates,2227.72,65,34.27,30.98,690.2,65,26.72
2,2026-03-03,Topicals,886.41,22,40.29,39.43,349.52,22,25.65
2,2026-03-03,Tinctures,608.16,21,28.96,46.46,282.52,21,9.7
2,2026-03-04,Flower,11690.64,213,54.89,42.41,4957.94,213,17.63
2,2026-03-04,Pre-Rolls,5707.68,415,13.75,45.15,2577.17,415,8.97
2,2026-03-04,Edibles,6821.78,301,22.66,31.36,2139.07,301,26.28
2,2026-03-04,Vapes,6864.71,266,25.81,26.93,1848.5,266,25.82
2,2026-03-04,Concentrates,2648.59,105,25.22,34.56,915.47,105,27.95
2,2026-03-04,Topicals,1106.96,43,25.74,43.24,478.6,43,17.63
2,2026-03-04,Tinctures,728.16,32,22.75,40.31,293.49,32,14.31
2,2026-03-05,Flower,11776.07,333,35.36,43.7,5146.71,333,15.22
2,2026-03-05,Pre-Rolls,4804.86,525,9.15,48.94,2351.74,525,23.72
2,2026-03-05,Edibles,6854.42,355,19.31,33.87,2321.29,355,9.07
2,2026-03-05,Vapes,6030.36,122,49.43,33.57,2024.46,122,21.18
2,2026-03-05,Concentrates,2393.89,94,25.47,34.1,816.2,94,5.5
2,2026-03-05,Topicals,1046.28,29,36.08,35.09,367.13,29,27.79
2,2026-03-05,Tinctures,679.96,21,32.38,40.08,272.56,21,11.31
2,2026-03-06,Flower,10766.63,274,39.29,44.67,4809.48,274,16.0
2,2026-03-06,Pre-Rolls,4282.64,402,10.65,43.49,1862.4,402,11.3
2,2026-03-06,Edibles,5759.93,228,25.26,38.24,2202.78,228,14.93
2,2026-03-06,Vapes,4803.61,127,37.82,31.62,1519.07,127,26.08
2,2026-03-06,Concentrates,1978.44,60,32.97,36.09,714.03,60,12.46
2,2026-03-06,Topicals,801.61,37,21.67,44.88,359.79,37,21.01
2,2026-03-06,Tinctures,621.78,24,25.91,47.11,292.93,24,27.31
2,2026-03-07,Flower,13244.69,383,34.58,42.65,5649.49,383,19.6
2,2026-03-07,Pre-Rolls,6275.58,460,13.64,46.0,2886.79,460,21.51
2,2026-03-07,Edibles,8170.81,316,25.86,36.55,2986.76,316,29.94
2,2026-03-07,Vapes,6755.68,190,35.56,28.88,1951.23,190,5.88
2,2026-03-07,Concentrates,2874.86,91,31.59,31.9,917.06,91,23.16
2,2026-03-07,Topicals,1117.18,36,31.03,42.85,478.7,36,27.66
2,2026-03-07,Tinctures,815.68,27,30.21,48.45,395.23,27,26.02
2,2026-03-08,Flower,14263.86,402,35.48,35.98,5131.57,402,8.79
2,2026-03-08,Pre-Rolls,5410.6,396,13.66,47.63,2577.02,396,9.58
2,2026-03-08,Edibles,7852.46,391,20.08,30.89,2425.86,391,13.88
2,2026-03-08,Vapes,7155.21,218,32.82,32.88,2352.7,218,13.28
2,2026-03-08,Concentrates,2525.96,97,26.04,38.51,972.8,97,16.76
2,2026-03-08,Topicals,1220.32,38,32.11,44.44,542.35,38,6.78
2,2026-03-08,Tinctures,817.04,27,30.26,48.67,397.69,27,14.54
2,2026-03-09,Flower,10875.91,343,31.71,43.54,4735.63,343,8.92
2,2026-03-09,Pre-Rolls,4565.85,420,10.87,45.69,2086.32,420,27.67
2,2026-03-09,Edibles,6421.02,325,19.76,37.16,2385.84,325,24.47
2,2026-03-09,Vapes,5813.9,142,40.94,26.77,1556.28,142,20.86
2,2026-03-09,Concentrates,2042.07,80,25.53,37.61,768.06,80,9.22
2,2026-03-09,Topicals,1022.78,34,30.08,42.64,436.07,34,7.2
2,2026-03-09,Tinctures,662.42,20,33.12,44.03,291.69,20,29.13
2,2026-03-10,Flower,10027.63,322,31.14,36.99,3709.63,322,12.22
2,2026-03-10,Pre-Rolls,3972.61,387,10.27,48.33,1920.05,387,9.76
2,2026-03-10,Edibles,6074.38,248,24.49,32.49,1973.46,248,22.34
2,2026-03-10,Vapes,5115.91,181,28.26,28.84,1475.2,181,19.72
2,2026-03-10,Concentrates,1916.69,52,36.86,32.98,632.16,52,12.27
2,2026-03-10,Topicals,920.15,28,32.86,38.38,353.14,28,27.2
2,2026-03-10,Tinctures,644.84,24,26.87,49.01,316.06,24,13.98
2,2026-03-11,Flower,9335.22,159,58.71,44.18,4124.49,159,12.65
2,2026-03-11,Pre-Rolls,4034.94,308,13.1,41.31,1666.92,308,23.35
2,2026-03-11,Edibles,5790.97,330,17.55,33.67,1949.58,330,21.26
2,2026-03-11,Vapes,4646.28,99,46.93,27.56,1280.42,99,18.37
2,2026-03-11,Concentrates,1811.36,45,40.25,36.62,663.31,45,21.34
2,2026-03-11,Topicals,771.37,22,35.06,39.17,302.13,22,14.51
2,2026-03-11,Tinctures,574.27,19,30.22,41.53,238.5,19,22.38
2,2026-03-12,Flower,13384.43,342,39.14,41.62,5570.15,342,16.27
2,2026-03-12,Pre-Rolls,5333.29,435,12.26,41.37,2206.47,435,25.77
2,2026-03-12,Edibles,6864.98,266,25.81,31.18,2140.32,266,7.85
2,2026-03-12,Vapes,6180.3,206,30.0,27.0,1668.53,206,11.57
2,2026-03-12,Concentrates,2620.97,109,24.05,37.03,970.66,109,12.38
2,2026-03-12,Topicals,1015.1,33,30.76,37.08,376.37,33,28.33
2,2026-03-12,Tinctures,720.14,35,20.58,46.72,336.42,35,27.67
2,2026-03-13,Flower,13619.86,272,50.07,36.49,4970.08,272,8.26
2,2026-03-13,Pre-Rolls,5483.12,419,13.09,41.01,2248.79,419,11.4
2,2026-03-13,Edibles,6901.59,231,29.88,32.96,2274.78,231,16.61
2,2026-03-13,Vapes,6038.98,205,29.46,25.39,1533.57,205,12.26
2,2026-03-13,Concentrates,2706.8,103,26.28,37.39,1011.95,103,7.37
2,2026-03-13,Topicals,1150.56,55,20.92,43.52,500.72,55,21.58
2,2026-03-13,Tinctures,681.31,25,27.25,44.38,302.35,25,20.55
2,2026-03-14,Flower,15696.16,478,32.84,43.15,6772.84,478,9.56
2,2026-03-14,Pre-Rolls,6129.46,415,14.77,42.72,2618.4,415,14.64
2,2026-03-14,Edibles,8922.87,330,27.04,36.49,3255.82,330,24.92
2,2026-03-14,Vapes,6923.53,163,42.48,25.59,1771.49,163,28.56
2,2026-03-14,Concentrates,2719.53,96,28.33,35.91,976.52,96,25.06
2,2026-03-14,Topicals,1295.34,54,23.99,38.8,502.56,54,13.96
2,2026-03-14,Tinctures,755.23,22,34.33,48.39,365.42,22,29.34
2,2026-03-15,Flower,15777.05,273,57.79,36.13,5700.15,273,12.76
2,2026-03-15,Pre-Rolls,6637.94,675,9.83,43.14,2863.76,675,22.61
2,2026-03-15,Edibles,10080.95,380,26.53,35.77,3605.6,380,19.13
2,2026-03-15,Vapes,9598.46,229,41.91,28.38,2724.33,229,18.08
2,2026-03-15,Concentrates,3543.77,161,22.01,36.62,1297.63,161,11.21
2,2026-03-15,Topicals,1415.13,42,33.69,38.85,549.76,42,25.98
2,2026-03-15,Tinctures,984.81,24,41.03,40.55,399.3,24,21.08
2,2026-03-16,Flower,12010.92,216,55.61,43.52,5227.0,216,19.17
2,2026-03-16,Pre-Rolls,5056.83,441,11.47,42.41,2144.55,441,29.25
2,2026-03-16,Edibles,6706.31,365,18.37,36.43,2443.32,365,15.08
2,2026-03-16,Vapes,6280.6,172,36.52,33.01,2073.39,172,16.2
2,2026-03-16,Concentrates,2763.09,95,29.09,31.19,861.73,95,17.43
2,2026-03-16,Topicals,1139.26,51,22.34,39.12,445.72,51,18.93
2,2026-03-16,Tinctures,663.24,30,22.11,46.04,305.37,30,20.48
2,2026-03-17,Flower,12097.11,267,45.31,37.07,4484.22,267,16.4
2,2026-03-17,Pre-Rolls,5881.29,557,10.56,40.54,2384.44,557,10.57
2,2026-03-17,Edibles,7128.25,304,23.45,36.2,2580.25,304,16.83
2,2026-03-17,Vapes,6677.91,155,43.08,26.14,1745.62,155,23.98
2,2026-03-17,Concentrates,2377.7,88,27.02,38.3,910.63,88,29.11
2,2026-03-17,Topicals,1034.17,33,31.34,42.02,434.57,33,6.14
2,2026-03-17,Tinctures,671.06,29,23.14,47.17,316.53,29,23.04
3,2026-02-15,Flower,12900.62,266,48.5,36.88,4757.16,266,20.02
3,2026-02-15,Pre-Rolls,5871.99,524,11.21,47.81,2807.64,524,22.92
3,2026-02-15,Edibles,7373.07,347,21.25,39.27,2895.13,347,25.94
3,2026-02-15,Vapes,7328.53,165,44.42,29.51,2162.29,165,21.46
3,2026-02-15,Concentrates,3055.73,134,22.8,34.99,1069.15,134,18.26
3,2026-02-15,Topicals,1091.75,28,38.99,43.39,473.69,28,17.07
3,2026-02-15,Tinctures,801.4,20,40.07,41.77,334.76,20,19.46
3,2026-02-16,Flower,11153.03,329,33.9,38.87,4335.63,329,15.41
3,2026-02-16,Pre-Rolls,4918.96,426,11.55,43.85,2156.8,426,29.49
3,2026-02-16,Edibles,6599.08,249,26.5,32.74,2160.27,249,29.09
3,2026-02-16,Vapes,5999.03,165,36.36,26.33,1579.77,165,15.32
3,2026-02-16,Concentrates,2217.61,63,35.2,32.99,731.57,63,22.54
3,2026-02-16,Topicals,979.77,28,34.99,44.36,434.58,28,20.81
3,2026-02-16,Tinctures,572.79,17,33.69,42.91,245.76,17,13.63
3,2026-02-17,Flower,14112.37,237,59.55,41.5,5856.75,237,20.42
3,2026-02-17,Pre-Rolls,5851.15,454,12.89,43.22,2529.09,454,7.89
3,2026-02-17,Edibles,7565.09,340,22.25,35.71,2701.22,340,21.68
3,2026-02-17,Vapes,6900.12,157,43.95,33.41,2305.6,157,12.15
3,2026-02-17,Concentrates,2917.93,80,36.47,35.23,1027.91,80,5.63
3,2026-02-17,Topicals,1086.37,32,33.95,37.0,401.95,32,23.75
3,2026-02-17,Tinctures,726.68,28,25.95,42.51,308.88,28,25.98
3,2026-02-18,Flower,12205.09,314,38.87,42.54,5191.55,314,7.45
3,2026-02-18,Pre-Rolls,5355.14,614,8.72,48.68,2606.9,614,23.49
3,2026-02-18,Edibles,7208.46,275,26.21,35.61,2567.13,275,10.94
3,2026-02-18,Vapes,6390.23,142,45.0,27.88,1781.36,142,21.61
3,2026-02-18,Concentrates,2551.95,91,28.04,39.57,1009.73,91,29.4
3,2026-02-18,Topicals,969.98,31,31.29,35.13,340.75,31,11.28
3,2026-02-18,Tinctures,688.02,19,36.21,48.7,335.08,19,25.75
3,2026-02-19,Flower,14314.06,279,51.3,41.48,5936.95,279,17.57
3,2026-02-19,Pre-Rolls,5720.97,468,12.22,47.76,2732.42,468,29.11
3,2026-02-19,Edibles,7246.4,410,17.67,36.83,2668.6,410,9.67
3,2026-02-19,Vapes,6358.0,167,38.07,28.77,1829.32,167,15.71
3,2026-02-19,Concentrates,2675.07,118,22.67,35.84,958.74,118,11.38
3,2026-02-19,Topicals,1095.21,32,34.23,36.55,400.28,32,8.84
3,2026-02-19,Tinctures,728.94,34,21.44,49.32,359.54,34,20.39
3,2026-02-20,Flower,12249.97,273,44.87,40.73,4989.02,273,12.01
3,2026-02-20,Pre-Rolls,5374.21,525,10.24,42.2,2267.9,525,9.6
3,2026-02-20,Edibles,6194.85,274,22.61,34.16,2116.12,274,18.43
3,2026-02-20,Vapes,5604.38,183,30.63,27.13,1520.67,183,13.3
3,2026-02-20,Concentrates,2307.09,94,24.54,37.53,865.77,94,18.26
3,2026-02-20,Topicals,1118.09,30,37.27,44.81,501.03,30,5.22
3,2026-02-20,Tinctures,700.95,24,29.21,49.04,343.78,24,20.34
3,2026-02-21,Flower,13867.09,235,59.01,41.83,5799.98,235,11.49
3,2026-02-21,Pre-Rolls,6285.15,430,14.62,43.86,2756.59,430,18.51
3,2026-02-21,Edibles,7400.59,258,28.68,38.22,2828.58,258,14.37
3,2026-02-21,Vapes,7384.66,204,36.2,25.44,1878.55,204,27.46
3,2026-02-21,Concentrates,2541.29,83,30.62,39.48,1003.36,83,9.18
3,2026-02-21,Topicals,1266.39,41,30.89,35.07,444.17,41,6.64
3,2026-02-21,Tinctures,800.02,22,36.36,48.65,389.21,22,15.61
3,2026-02-22,Flower,13759.54,298,46.17,42.03,5782.78,298,20.67
3,2026-02-22,Pre-Rolls,6756.76,539,12.54,49.4,3337.67,539,23.67
3,2026-02-22,Edibles,7947.69,363,21.89,33.32,2647.94,363,7.19
3,2026-02-22,Vapes,7000.01,156,44.87,30.58,2140.66,156,19.37
3,2026-02-22,Concentrates,2825.86,112,25.23,33.88,957.41,112,20.76
3,2026-02-22,Topicals,1263.69,62,20.38,41.73,527.38,62,18.37
3,2026-02-22,Tinctures,878.05,27,32.52,47.56,417.6,27,19.64
3,2026-02-23,Flower,12193.76,378,32.26,44.28,5399.46,378,8.49
3,2026-02-23,Pre-Rolls,5312.32,525,10.12,40.87,2170.88,525,24.13
3,2026-02-23,Edibles,6615.23,316,20.93,36.61,2421.65,316,16.85
3,2026-02-23,Vapes,6069.21,213,28.49,28.91,1754.61,213,24.94
3,2026-02-23,Concentrates,2366.0,60,39.43,31.44,743.89,60,21.93
3,2026-02-23,Topicals,1088.04,30,36.27,42.29,460.17,30,14.33
3,2026-02-23,Tinctures,730.09,23,31.74,45.55,332.56,23,8.08
3,2026-02-24,Flower,9867.35,206,47.9,40.37,3983.6,206,20.26
3,2026-02-24,Pre-Rolls,4510.16,340,13.27,49.04,2211.58,340,13.6
3,2026-02-24,Edibles,6148.67,249,24.69,35.13,2159.75,249,9.02
3,2026-02-24,Vapes,5317.68,115,46.24,26.94,1432.76,115,9.53
3,2026-02-24,Concentrates,2321.57,62,37.44,38.51,894.12,62,28.31
3,2026-02-24,Topicals,1031.5,35,29.47,40.5,417.72,35,12.27
3,2026-02-24,Tinctures,571.65,26,21.99,47.26,270.14,26,17.18
3,2026-02-25,Flower,11760.29,347,33.89,41.55,4886.96,347,8.4
3,2026-02-25,Pre-Rolls,5341.29,373,14.32,43.18,2306.26,373,16.27
3,2026-02-25,Edibles,7117.31,363,19.61,35.84,2550.96,363,19.14
3,2026-02-25,Vapes,6090.27,185,32.92,29.28,1783.42,185,5.12
3,2026-02-25,Concentrates,2310.83,94,24.58,37.4,864.21,94,15.9
3,2026-02-25,Topicals,1114.29,49,22.74,42.33,471.68,49,26.95
3,2026-02-25,Tinctures,690.38,25,27.62,43.05,297.24,25,18.79
3,2026-02-26,Flower,9601.44,199,48.25,43.42,4168.75,199,19.02
3,2026-02-26,Pre-Rolls,4083.42,346,11.8,42.63,1740.86,346,27.16
3,2026-02-26,Edibles,5370.01,332,16.17,30.19,1621.01,332,17.68
3,2026-02-26,Vapes,4785.2,120,39.88,29.05,1390.17,120,19.75
3,2026-02-26,Concentrates,2220.31,71,31.27,35.43,786.76,71,29.97
3,2026-02-26,Topicals,875.14,24,36.46,38.66,338.31,24,10.58
3,2026-02-26,Tinctures,618.63,17,36.39,42.91,265.45,17,16.62
3,2026-02-27,Flower,11119.33,265,41.96,40.02,4450.14,265,16.28
3,2026-02-27,Pre-Rolls,5086.49,372,13.67,46.14,2346.93,372,9.15
3,2026-02-27,Edibles,6358.63,293,21.7,31.79,2021.5,293,28.72
3,2026-02-27,Vapes,5888.57,119,49.48,32.36,1905.49,119,17.09
3,2026-02-27,Concentrates,2156.57,88,24.51,34.88,752.13,88,6.57
3,2026-02-27,Topicals,926.27,44,21.05,37.07,343.35,44,27.69
3,2026-02-27,Tinctures,616.47,20,30.82,44.55,274.62,20,6.16
3,2026-02-28,Flower,17416.59,438,39.76,42.04,7321.47,438,14.3
3,2026-02-28,Pre-Rolls,7258.68,524,13.85,42.63,3094.6,524,18.61
3,2026-02-28,Edibles,8487.36,342,24.82,33.65,2856.25,342,21.33
3,2026-02-28,Vapes,8719.93,229,38.08,28.76,2508.14,229,27.68
3,2026-02-28,Concentrates,3188.27,117,27.25,38.68,1233.13,117,17.17
3,2026-02-28,Topicals,1357.07,42,32.31,40.02,543.08,42,8.47
3,2026-02-28,Tinctures,847.24,39,21.72,46.43,393.41,39,10.29
3,2026-03-01,Flower,15959.42,390,40.92,42.17,6730.57,390,8.66
3,2026-03-01,Pre-Rolls,6903.14,504,13.7,47.2,3258.46,504,17.04
3,2026-03-01,Edibles,9687.66,533,18.18,31.61,3062.51,533,25.83
3,2026-03-01,Vapes,7919.7,303,26.14,30.73,2434.11,303,9.03
3,2026-03-01,Concentrates,3493.33,168,20.79,35.72,1247.91,168,6.4
3,2026-03-01,Topicals,1388.78,58,23.94,44.58,619.15,58,19.98
3,2026-03-01,Tinctures,985.26,48,20.53,47.2,465.0,48,21.54
3,2026-03-02,Flower,11948.84,366,32.65,39.49,4718.84,366,20.9
3,2026-03-02,Pre-Rolls,5745.97,624,9.21,48.3,2775.51,624,20.02
3,2026-03-02,Edibles,7557.54,276,27.38,31.82,2404.72,276,21.49
3,2026-03-02,Vapes,6120.8,141,43.41,28.43,1739.94,141,16.34
3,2026-03-02,Concentrates,2543.21,103,24.69,33.85,861.0,103,7.71
3,2026-03-02,Topicals,1006.82,27,37.29,40.04,403.17,27,15.49
3,2026-03-02,Tinctures,663.68,30,22.12,44.76,297.05,30,20.37
3,2026-03-03,Flower,10087.44,188,53.66,40.03,4038.33,188,8.65
3,2026-03-03,Pre-Rolls,4745.32,532,8.92,46.03,2184.49,532,25.69
3,2026-03-03,Edibles,6853.76,257,26.67,36.49,2501.1,257,18.05
3,2026-03-03,Vapes,5566.53,213,26.13,30.3,1686.56,213,10.74
3,2026-03-03,Concentrates,2356.74,65,36.26,33.81,796.87,65,19.73
3,2026-03-03,Topicals,998.43,28,35.66,41.97,419.01,28,7.44
3,2026-03-03,Tinctures,588.47,19,30.97,42.33,249.07,19,26.48
3,2026-03-04,Flower,9684.21,172,56.3,39.09,3785.22,172,9.65
3,2026-03-04,Pre-Rolls,4519.91,334,13.53,45.78,2069.21,334,7.95
3,2026-03-04,Edibles,5214.44,210,24.83,36.88,1922.96,210,12.9
3,2026-03-04,Vapes,5062.71,175,28.93,31.52,1595.55,175,11.34
3,2026-03-04,Concentrates,2168.34,76,28.53,33.66,729.79,76,11.89
3,2026-03-04,Topicals,899.03,25,35.96,39.13,351.81,25,24.59
3,2026-03-04,Tinctures,576.43,21,27.45,45.55,262.56,21,11.34
3,2026-03-05,Flower,10071.71,249,40.45,42.05,4235.65,249,17.3
3,2026-03-05,Pre-Rolls,4808.87,381,12.62,47.48,2283.16,381,16.16
3,2026-03-05,Edibles,6225.41,357,17.44,32.14,2001.13,357,15.01
3,2026-03-05,Vapes,5213.99,134,38.91,31.97,1666.94,134,22.67
3,2026-03-05,Concentrates,1953.19,49,39.86,30.05,586.99,49,7.28
3,2026-03-05,Topicals,834.31,21,39.73,39.35,328.33,21,6.6
3,2026-03-05,Tinctures,565.36,26,21.74,40.38,228.28,26,14.61
3,2026-03-06,Flower,11595.25,239,48.52,40.21,4662.46,239,16.96
3,2026-03-06,Pre-Rolls,4618.76,315,14.66,48.2,2226.35,315,21.01
3,2026-03-06,Edibles,5966.86,331,18.03,36.57,2182.01,331,25.1
3,2026-03-06,Vapes,5203.85,201,25.89,31.0,1612.94,201,17.9
3,2026-03-06,Concentrates,2000.74,85,23.54,30.36,607.44,85,10.98
3,2026-03-06,Topicals,815.53,35,23.3,44.97,366.73,35,24.49
3,2026-03-06,Tinctures,586.31,21,27.92,45.86,268.89,21,17.94
3,2026-03-07,Flower,15026.72,468,32.11,35.9,5394.84,468,10.98
3,2026-03-07,Pre-Rolls,6554.19,454,14.44,43.48,2849.83,454,29.08
3,2026-03-07,Edibles,7831.78,325,24.1,31.95,2501.88,325,28.24
3,2026-03-07,Vapes,7488.94,237,31.6,29.07,2177.14,237,7.66
3,2026-03-07,Concentrates,2623.98,101,25.98,39.47,1035.69,101,25.07
3,2026-03-07,Topicals,1342.06,35,38.34,43.13,578.85,35,19.37
3,2026-03-07,Tinctures,851.66,21,40.56,45.63,388.63,21,24.25
3,2026-03-08,Flower,15579.02,264,59.01,39.59,6167.5,264,13.45
3,2026-03-08,Pre-Rolls,6460.01,788,8.2,41.16,2659.11,788,6.69
3,2026-03-08,Edibles,8692.65,290,29.97,36.77,3196.21,290,10.75
3,2026-03-08,Vapes,7338.88,150,48.93,30.17,2213.78,150,5.24
3,2026-03-08,Concentrates,3160.08,126,25.08,30.93,977.41,126,21.84
3,2026-03-08,Topicals,1351.5,62,21.8,44.31,598.9,62,16.91
3,2026-03-08,Tinctures,821.83,21,39.13,42.69,350.85,21,28.68
3,2026-03-09,Flower,11952.75,208,57.47,39.99,4779.9,208,9.8
3,2026-03-09,Pre-Rolls,5174.32,366,14.14,42.07,2176.72,366,10.07
3,2026-03-09,Edibles,6259.01,257,24.35,31.56,1975.34,257,7.67
3,2026-03-09,Vapes,6428.31,153,42.02,31.63,2033.55,153,20.35
3,2026-03-09,Concentrates,2427.97,78,31.13,30.42,738.65,78,17.06
3,2026-03-09,Topicals,1012.18,33,30.67,44.85,454.0,33,27.42
3,2026-03-09,Tinctures,707.48,23,30.76,49.84,352.64,23,27.9
3,2026-03-10,Flower,9804.38,267,36.72,40.77,3996.92,267,7.76
3,2026-03-10,Pre-Rolls,4658.08,410,11.36,45.41,2115.13,410,17.56
3,2026-03-10,Edibles,5735.47,226,25.38,31.75,1820.9,226,29.41
3,2026-03-10,Vapes,5483.14,150,36.55,31.89,1748.69,150,5.3
3,2026-03-10,Concentrates,1932.36,61,31.68,33.25,642.59,61,20.32
3,2026-03-10,Topicals,836.76,27,30.99,37.37,312.71,27,16.78
3,2026-03-10,Tinctures,599.26,21,28.54,44.99,269.59,21,10.26
3,2026-03-11,Flower,10688.64,259,41.27,43.54,4654.18,259,10.91
3,2026-03-11,Pre-Rolls,4122.1,462,8.92,45.76,1886.23,462,10.71
3,2026-03-11,Edibles,5402.16,283,19.09,32.36,1748.03,283,15.81
3,2026-03-11,Vapes,5158.96,180,28.66,34.59,1784.56,180,8.74
3,2026-03-11,Concentrates,2180.87,92,23.71,35.0,763.22,92,29.89
3,2026-03-11,Topicals,942.36,31,30.4,42.21,397.73,31,24.63
3,2026-03-11,Tinctures,563.72,18,31.32,45.68,257.5,18,14.96
3,2026-03-12,Flower,12556.32,394,31.87,43.14,5416.57,394,13.67
3,2026-03-12,Pre-Rolls,5318.37,477,11.15,43.35,2305.33,477,14.02
3,2026-03-12,Edibles,6995.07,241,29.03,32.58,2278.79,241,5.5
3,2026-03-12,Vapes,5749.26,123,46.74,34.63,1991.04,123,9.97
3,2026-03-12,Concentrates,2455.79,74,33.19,31.75,779.6,74,24.51
3,2026-03-12,Topicals,1006.7,30,33.56,39.87,401.42,30,23.41
3,2026-03-12,Tinctures,745.02,26,28.65,42.87,319.36,26,20.79
3,2026-03-13,Flower,10576.68,301,35.14,43.08,4556.13,301,11.72
3,2026-03-13,Pre-Rolls,5007.56,417,12.01,48.49,2428.12,417,6.78
3,2026-03-13,Edibles,6066.13,329,18.44,33.17,2012.06,329,12.28
3,2026-03-13,Vapes,5583.03,135,41.36,27.71,1547.2,135,16.12
3,2026-03-13,Concentrates,2442.3,89,27.44,35.87,876.04,89,29.14
3,2026-03-13,Topicals,959.1,40,23.98,35.23,337.9,40,23.19
3,2026-03-13,Tinctures,671.68,17,39.51,47.01,315.73,17,7.0
3,2026-03-14,Flower,13495.44,407,33.16,35.64,4809.49,407,19.3
3,2026-03-14,Pre-Rolls,6256.59,764,8.19,43.97,2751.03,764,24.12
3,2026-03-14,Edibles,7573.44,399,18.98,31.55,2389.63,399,21.37
3,2026-03-14,Vapes,8009.14,244,32.82,27.47,2200.43,244,12.1
3,2026-03-14,Concentrates,2964.88,131,22.63,38.39,1138.07,131,5.71
3,2026-03-14,Topicals,1279.85,34,37.64,38.25,489.57,34,16.9
3,2026-03-14,Tinctures,904.69,29,31.2,42.72,386.52,29,16.12
3,2026-03-15,Flower,16311.64,320,50.97,36.77,5997.85,320,15.37
3,2026-03-15,Pre-Rolls,6558.07,526,12.47,45.64,2993.09,526,18.09
3,2026-03-15,Edibles,8758.54,445,19.68,33.47,2931.63,445,18.49
3,2026-03-15,Vapes,8136.03,225,36.16,28.66,2331.61,225,11.5
3,2026-03-15,Concentrates,2865.11,143,20.04,38.15,1093.15,143,26.2
3,2026-03-15,Topicals,1238.21,42,29.48,35.08,434.4,42,28.05
3,2026-03-15,Tinctures,928.25,31,29.94,40.09,372.15,31,15.76
3,2026-03-16,Flower,11213.79,303,37.01,35.07,3932.92,303,12.23
3,2026-03-16,Pre-Rolls,4925.05,413,11.93,43.95,2164.44,413,9.08
3,2026-03-16,Edibles,7001.75,335,20.9,33.78,2365.44,335,11.57
3,2026-03-16,Vapes,5922.69,191,31.01,32.65,1933.49,191,27.75
3,2026-03-16,Concentrates,2483.58,73,34.02,32.85,815.78,73,23.57
3,2026-03-16,Topicals,1064.64,37,28.77,43.53,463.49,37,9.56
3,2026-03-16,Tinctures,640.34,19,33.7,46.18,295.69,19,11.8
3,2026-03-17,Flower,12348.67,346,35.69,35.19,4345.99,346,7.69
3,2026-03-17,Pre-Rolls,5201.6,559,9.31,41.02,2133.84,559,11.73
3,2026-03-17,Edibles,7183.72,277,25.93,32.33,2322.36,277,8.77
3,2026-03-17,Vapes,6190.61,184,33.64,28.12,1740.54,184,24.99
3,2026-03-17,Concentrates,2650.63,90,29.45,37.91,1004.97,90,13.26
3,2026-03-17,Topicals,1104.08,28,39.43,35.56,392.61,28,24.39
3,2026-03-17,Tinctures,629.69,21,29.99,41.92,263.98,21,26.04
4,2026-02-15,Flower,18077.07,329,54.95,36.22,6547.45,329,17.75
4,2026-02-15,Pre-Rolls,6919.31,516,13.41,44.43,3074.22,516,23.44
4,2026-02-15,Edibles,8807.19,401,21.96,37.71,3321.19,401,18.03
4,2026-02-15,Vapes,9585.03,260,36.87,31.81,3049.42,260,12.8
4,2026-02-15,Concentrates,3279.4,100,32.79,30.42,997.65,100,28.44
4,2026-02-15,Topicals,1463.11,58,25.23,41.39,605.51,58,9.97
4,2026-02-15,Tinctures,1046.63,28,37.38,42.18,441.44,28,7.82
4,2026-02-16,Flower,13278.42,334,39.76,36.67,4869.67,334,10.87
4,2026-02-16,Pre-Rolls,5121.71,378,13.55,40.09,2053.26,378,6.05
4,2026-02-16,Edibles,7810.24,352,22.19,35.96,2808.73,352,14.28
4,2026-02-16,Vapes,6105.91,210,29.08,25.91,1582.29,210,20.47
4,2026-02-16,Concentrates,2809.83,70,40.14,36.25,1018.6,70,6.49
4,2026-02-16,Topicals,1140.74,33,34.57,42.91,489.54,33,8.15
4,2026-02-16,Tinctures,699.6,17,41.15,47.89,335.01,17,23.92
4,2026-02-17,Flower,15020.24,348,43.16,36.93,5546.92,348,16.65
4,2026-02-17,Pre-Rolls,5894.46,659,8.94,48.99,2887.5,659,17.13
4,2026-02-17,Edibles,7987.62,411,19.43,36.97,2953.05,411,9.74
4,2026-02-17,Vapes,6823.6,202,33.78,32.32,2205.66,202,11.88
4,2026-02-17,Concentrates,3018.67,78,38.7,35.55,1072.99,78,6.72
4,2026-02-17,Topicals,1129.6,43,26.27,37.63,425.11,43,14.18
4,2026-02-17,Tinctures,728.1,22,33.1,43.79,318.84,22,9.64
4,2026-02-18,Flower,15240.72,273,55.83,42.76,6516.96,273,10.34
4,2026-02-18,Pre-Rolls,7546.88,598,12.62,45.39,3425.49,598,14.69
4,2026-02-18,Edibles,9682.95,431,22.47,35.51,3438.87,431,20.33
4,2026-02-18,Vapes,8365.19,203,41.21,26.1,2183.7,203,18.08
4,2026-02-18,Concentrates,3080.5,83,37.11,31.3,964.13,83,26.84
4,2026-02-18,Topicals,1359.36,45,30.21,35.99,489.2,45,19.28
4,2026-02-18,Tinctures,1028.47,31,33.18,45.26,465.47,31,22.53
4,2026-02-19,Flower,14239.61,347,41.04,41.06,5846.72,347,7.99
4,2026-02-19,Pre-Rolls,6967.9,736,9.47,44.91,3129.57,736,27.24
4,2026-02-19,Edibles,7835.84,290,27.02,30.61,2398.31,290,18.95
4,2026-02-19,Vapes,8373.85,236,35.48,28.69,2402.51,236,22.71
4,2026-02-19,Concentrates,3187.87,125,25.5,30.41,969.32,125,6.76
4,2026-02-19,Topicals,1232.85,31,39.77,44.61,549.92,31,7.43
4,2026-02-19,Tinctures,893.97,29,30.83,41.89,374.53,29,18.15
4,2026-02-20,Flower,13412.19,275,48.77,36.79,4934.21,275,17.49
4,2026-02-20,Pre-Rolls,5949.52,680,8.75,46.39,2759.76,680,13.95
4,2026-02-20,Edibles,8002.96,320,25.01,38.83,3107.41,320,9.17
4,2026-02-20,Vapes,6798.39,194,35.04,28.38,1929.05,194,8.95
4,2026-02-20,Concentrates,3105.9,107,29.03,33.52,1041.2,107,12.88
4,2026-02-20,Topicals,1329.41,50,26.59,38.72,514.71,50,24.1
4,2026-02-20,Tinctures,795.76,23,34.6,46.08,366.72,23,19.08
4,2026-02-21,Flower,16110.38,304,52.99,44.26,7130.69,304,10.56
4,2026-02-21,Pre-Rolls,7999.63,718,11.14,43.97,3517.51,718,23.16
4,2026-02-21,Edibles,10707.78,447,23.95,35.18,3766.58,447,29.84
4,2026-02-21,Vapes,8439.86,259,32.59,27.22,2297.23,259,26.39
4,2026-02-21,Concentrates,3090.68,84,36.79,36.9,1140.38,84,11.9
4,2026-02-21,Topicals,1480.41,47,31.5,44.26,655.22,47,8.87
4,2026-02-21,Tinctures,886.18,32,27.69,41.38,366.74,32,14.18
4,2026-02-22,Flower,20041.57,541,37.05,43.11,8640.07,541,8.29
4,2026-02-22,Pre-Rolls,8281.05,574,14.43,47.34,3920.47,574,23.09
4,2026-02-22,Edibles,11927.23,677,17.62,38.26,4563.01,677,22.24
4,2026-02-22,Vapes,10295.08,215,47.88,30.95,3186.57,215,12.51
4,2026-02-22,Concentrates,4125.54,130,31.73,30.78,1270.04,130,6.4
4,2026-02-22,Topicals,1781.65,66,26.99,43.17,769.16,66,15.41
4,2026-02-22,Tinctures,1209.61,32,37.8,42.27,511.27,32,21.32
4,2026-02-23,Flower,14571.89,480,30.36,42.77,6233.01,480,12.35
4,2026-02-23,Pre-Rolls,5880.94,709,8.29,45.4,2669.91,709,8.74
4,2026-02-23,Edibles,8163.76,445,18.35,30.51,2490.37,445,23.29
4,2026-02-23,Vapes,7186.53,198,36.3,30.95,2224.33,198,17.62
4,2026-02-23,Concentrates,2697.2,104,25.93,33.94,915.52,104,8.3
4,2026-02-23,Topicals,1121.79,35,32.05,35.49,398.16,35,14.98
4,2026-02-23,Tinctures,748.27,24,31.18,47.74,357.21,24,8.26
4,2026-02-24,Flower,11759.13,251,46.85,39.88,4689.38,251,16.13
4,2026-02-24,Pre-Rolls,5106.2,414,12.33,47.36,2418.13,414,11.16
4,2026-02-24,Edibles,6627.84,248,26.73,33.23,2202.7,248,28.1
4,2026-02-24,Vapes,5988.48,143,41.88,29.24,1750.76,143,13.71
4,2026-02-24,Concentrates,2446.14,76,32.19,30.24,739.76,76,12.62
4,2026-02-24,Topicals,1193.38,36,33.15,44.9,535.84,36,16.06
4,2026-02-24,Tinctures,673.54,32,21.05,48.18,324.52,32,9.99
4,2026-02-25,Flower,12359.6,234,52.82,43.53,5379.84,234,8.57
4,2026-02-25,Pre-Rolls,4949.97,338,14.64,49.27,2438.72,338,26.72
4,2026-02-25,Edibles,7709.38,506,15.24,36.94,2847.69,506,7.78
4,2026-02-25,Vapes,6455.8,252,25.62,27.09,1748.88,252,18.45
4,2026-02-25,Concentrates,2385.69,78,30.59,32.59,777.41,78,17.08
4,2026-02-25,Topicals,1136.8,49,23.2,41.99,477.31,49,5.46
4,2026-02-25,Tinctures,736.58,22,33.48,40.43,297.83,22,9.26
4,2026-02-26,Flower,14981.57,279,53.7,41.18,6169.36,279,7.74
4,2026-02-26,Pre-Rolls,6918.25,858,8.06,43.89,3036.18,858,11.78
4,2026-02-26,Edibles,9577.45,384,24.94,38.64,3701.0,384,5.48
4,2026-02-26,Vapes,8644.39,209,41.36,27.31,2360.93,209,14.52
4,2026-02-26,Concentrates,3430.1,155,22.13,33.15,1137.24,155,26.67
4,2026-02-26,Topicals,1350.58,56,24.12,40.01,540.32,56,16.45
4,2026-02-26,Tinctures,971.03,47,20.66,42.47,412.44,47,18.24
4,2026-02-27,Flower,15522.44,371,41.84,36.57,5676.56,371,11.85
4,2026-02-27,Pre-Rolls,6677.72,539,12.39,42.36,2828.82,539,29.46
4,2026-02-27,Edibles,9177.67,337,27.23,36.26,3327.63,337,26.97
4,2026-02-27,Vapes,8902.62,196,45.42,25.29,2251.89,196,18.87
4,2026-02-27,Concentrates,3070.21,133,23.08,38.97,1196.51,133,21.42
4,2026-02-27,Topicals,1262.84,45,28.06,44.61,563.3,45,20.31
4,2026-02-27,Tinctures,940.57,38,24.75,42.4,398.84,38,8.82
4,2026-02-28,Flower,21051.19,367,57.36,38.29,8061.1,367,14.59
4,2026-02-28,Pre-Rolls,7762.32,865,8.97,45.41,3525.14,865,25.0
4,2026-02-28,Edibles,11791.88,600,19.65,37.05,4369.05,600,18.1
4,2026-02-28,Vapes,9173.28,183,50.13,34.76,3188.43,183,8.63
4,2026-02-28,Concentrates,4181.37,109,38.36,33.17,1387.17,109,18.93
4,2026-02-28,Topicals,1797.15,80,22.46,38.18,686.08,80,26.99
4,2026-02-28,Tinctures,1149.39,32,35.92,48.8,560.92,32,15.35
4,2026-03-01,Flower,16811.1,388,43.33,44.34,7453.65,388,19.52
4,2026-03-01,Pre-Rolls,7970.52,803,9.93,47.79,3809.2,803,7.67
4,2026-03-01,Edibles,9163.3,346,26.48,36.12,3309.77,346,11.67
4,2026-03-01,Vapes,8919.96,289,30.86,27.32,2437.1,289,22.18
4,2026-03-01,Concentrates,3326.63,98,33.95,34.77,1156.54,98,17.56
4,2026-03-01,Topicals,1497.71,43,34.83,38.74,580.21,43,26.3
4,2026-03-01,Tinctures,976.32,42,23.25,41.93,409.4,42,5.81
4,2026-03-02,Flower,17320.9,568,30.49,37.7,6529.73,568,12.78
4,2026-03-02,Pre-Rolls,7391.98,495,14.93,47.58,3516.94,495,6.65
4,2026-03-02,Edibles,10203.29,342,29.83,38.67,3945.74,342,17.25
4,2026-03-02,Vapes,8163.99,224,36.45,27.47,2242.47,224,15.12
4,2026-03-02,Concentrates,2988.62,86,34.75,33.8,1010.27,86,12.82
4,2026-03-02,Topicals,1441.49,41,35.16,40.94,590.12,41,18.13
4,2026-03-02,Tinctures,1010.68,28,36.1,45.21,456.89,28,16.29
4,2026-03-03,Flower,13983.25,447,31.28,44.96,6286.64,447,14.26
4,2026-03-03,Pre-Rolls,5507.5,418,13.18,45.58,2510.15,418,17.9
4,2026-03-03,Edibles,7695.89,488,15.77,32.91,2532.86,488,14.95
4,2026-03-03,Vapes,6486.08,141,46.0,29.61,1920.75,141,15.56
4,2026-03-03,Concentrates,2684.37,127,21.14,35.17,944.08,127,8.56
4,2026-03-03,Topicals,1199.21,41,29.25,42.23,506.39,41,7.83
4,2026-03-03,Tinctures,791.8,20,39.59,46.96,371.84,20,8.38
4,2026-03-04,Flower,16332.02,375,43.55,36.79,6008.35,375,15.26
4,2026-03-04,Pre-Rolls,7425.47,788,9.42,44.55,3307.81,788,11.25
4,2026-03-04,Edibles,9860.9,344,28.67,37.96,3743.68,344,22.96
4,2026-03-04,Vapes,7903.57,283,27.93,29.49,2331.08,283,14.07
4,2026-03-04,Concentrates,3339.7,120,27.83,37.91,1266.1,120,17.79
4,2026-03-04,Topicals,1552.65,56,27.73,38.81,602.52,56,24.21
4,2026-03-04,Tinctures,1027.98,32,32.12,46.6,478.99,32,8.75
4,2026-03-05,Flower,14940.29,422,35.4,42.12,6292.92,422,12.87
4,2026-03-05,Pre-Rolls,5735.95,428,13.4,44.46,2550.35,428,20.66
4,2026-03-05,Edibles,7342.68,432,17.0,32.03,2351.75,432,20.56
4,2026-03-05,Vapes,6802.41,186,36.57,33.55,2282.49,186,18.59
4,2026-03-05,Concentrates,2507.71,66,38.0,32.38,811.97,66,19.72
4,2026-03-05,Topicals,1186.83,42,28.26,35.79,424.81,42,20.0
4,2026-03-05,Tinctures,754.49,24,31.44,46.2,348.56,24,18.94
4,2026-03-06,Flower,15168.98,482,31.47,36.48,5534.03,482,16.15
4,2026-03-06,Pre-Rolls,5538.36,396,13.99,46.67,2584.75,396,25.95
4,2026-03-06,Edibles,7810.49,271,28.82,30.49,2381.44,271,15.42
4,2026-03-06,Vapes,6853.37,163,42.05,31.11,2132.14,163,22.29
4,2026-03-06,Concentrates,2902.6,81,35.83,31.77,922.28,81,16.38
4,2026-03-06,Topicals,1240.07,32,38.75,35.93,445.57,32,12.48
4,2026-03-06,Tinctures,792.46,28,28.3,40.68,322.35,28,15.68
4,2026-03-07,Flower,19997.99,515,38.83,36.35,7268.36,515,16.72
4,2026-03-07,Pre-Rolls,8102.11,693,11.69,45.25,3665.92,693,22.4
4,2026-03-07,Edibles,11566.76,695,16.64,37.3,4314.09,695,20.72
4,2026-03-07,Vapes,11174.01,301,37.12,31.89,3563.0,301,28.35
4,2026-03-07,Concentrates,4344.73,168,25.86,36.09,1567.94,168,12.91
4,2026-03-07,Topicals,1705.6,42,40.61,38.54,657.31,42,8.24
4,2026-03-07,Tinctures,1145.49,37,30.96,46.32,530.58,37,17.31
4,2026-03-08,Flower,19745.2,408,48.4,42.09,8309.94,408,20.71
4,2026-03-08,Pre-Rolls,8139.78,996,8.17,46.25,3765.02,996,7.95
4,2026-03-08,Edibles,12893.87,477,27.03,39.99,5156.24,477,15.35
4,2026-03-08,Vapes,10488.58,268,39.14,31.38,3290.8,268,5.28
4,2026-03-08,Concentrates,3967.0,154,25.76,37.9,1503.57,154,12.69
4,2026-03-08,Topicals,1810.62,68,26.63,35.06,634.83,68,22.15
4,2026-03-08,Tinctures,1167.22,33,35.37,46.16,538.79,33,5.73
4,2026-03-09,Flower,14147.33,354,39.96,38.38,5429.66,354,16.41
4,2026-03-09,Pre-Rolls,7023.43,517,13.58,46.46,3262.84,517,17.04
4,2026-03-09,Edibles,8864.96,312,28.41,35.37,3135.51,312,13.38
4,2026-03-09,Vapes,8222.44,232,35.44,32.43,2666.2,232,25.88
4,2026-03-09,Concentrates,2904.33,84,34.58,33.16,962.93,84,18.4
4,2026-03-09,Topicals,1221.09,36,33.92,43.0,525.01,36,27.2
4,2026-03-09,Tinctures,839.19,21,39.96,42.8,359.21,21,5.78
4,2026-03-10,Flower,16173.76,331,48.86,43.42,7023.3,331,14.99
4,2026-03-10,Pre-Rolls,6180.69,508,12.17,48.65,3006.66,508,23.79
4,2026-03-10,Edibles,8773.01,444,19.76,30.32,2659.65,444,15.35
4,2026-03-10,Vapes,7579.88,244,31.07,29.52,2237.51,244,28.77
4,2026-03-10,Concentrates,2782.02,106,26.25,31.12,865.83,106,24.62
4,2026-03-10,Topicals,1334.29,34,39.24,39.44,526.21,34,5.62
4,2026-03-10,Tinctures,839.78,27,31.1,41.9,351.89,27,28.09
4,2026-03-11,Flower,15444.0,337,45.83,42.76,6603.13,337,9.01
4,2026-03-11,Pre-Rolls,6795.14,494,13.76,49.38,3355.46,494,21.92
4,2026-03-11,Edibles,7813.64,302,25.87,34.59,2703.02,302,22.84
4,2026-03-11,Vapes,7623.71,303,25.16,34.32,2616.72,303,22.18
4,2026-03-11,Concentrates,3007.25,138,21.79,34.67,1042.57,138,6.15
4,2026-03-11,Topicals,1270.17,38,33.43,38.12,484.25,38,19.44
4,2026-03-11,Tinctures,811.63,21,38.65,43.21,350.69,21,9.81
4,2026-03-12,Flower,14014.91,354,39.59,39.41,5523.44,354,8.65
4,2026-03-12,Pre-Rolls,5846.28,589,9.93,40.15,2347.43,589,20.57
4,2026-03-12,Edibles,8406.56,464,18.12,33.5,2816.47,464,12.96
4,2026-03-12,Vapes,7003.82,164,42.71,27.83,1949.35,164,11.12
4,2026-03-12,Concentrates,2682.45,83,32.32,33.39,895.6,83,16.09
4,2026-03-12,Topicals,1164.42,39,29.86,41.75,486.2,39,7.65
4,2026-03-12,Tinctures,763.49,26,29.36,41.79,319.06,26,19.9
4,2026-03-13,Flower,15270.97,277,55.13,41.99,6412.84,277,15.63
4,2026-03-13,Pre-Rolls,6184.47,450,13.74,47.13,2914.68,450,21.77
4,2026-03-13,Edibles,8624.71,291,29.64,37.56,3239.22,291,16.64
4,2026-03-13,Vapes,7142.78,157,45.5,34.2,2442.61,157,16.71
4,2026-03-13,Concentrates,2971.93,88,33.77,37.1,1102.65,88,16.63
4,2026-03-13,Topicals,1216.14,49,24.82,43.61,530.37,49,20.42
4,2026-03-13,Tinctures,927.48,33,28.11,47.0,435.88,33,21.63
4,2026-03-14,Flower,20082.0,355,56.57,39.53,7938.98,355,7.42
4,2026-03-14,Pre-Rolls,8096.49,774,10.46,44.61,3612.04,774,9.27
4,2026-03-14,Edibles,11430.22,474,24.11,31.27,3574.68,474,7.57
4,2026-03-14,Vapes,10384.07,231,44.95,28.26,2934.4,231,21.24
4,2026-03-14,Concentrates,4019.17,131,30.68,34.01,1366.85,131,15.34
4,2026-03-14,Topicals,1666.67,53,31.45,44.74,745.65,53,14.6
4,2026-03-14,Tinctures,1050.32,28,37.51,45.91,482.2,28,24.61
4,2026-03-15,Flower,16144.14,301,53.64,40.45,6529.54,301,10.31
4,2026-03-15,Pre-Rolls,7237.51,846,8.55,49.31,3568.72,846,19.35
4,2026-03-15,Edibles,9321.07,390,23.9,34.63,3227.8,390,18.88
4,2026-03-15,Vapes,8953.19,304,29.45,34.56,3094.12,304,6.74
4,2026-03-15,Concentrates,3015.15,83,36.33,37.71,1137.12,83,14.47
4,2026-03-15,Topicals,1400.31,42,33.34,35.91,502.79,42,25.43
4,2026-03-15,Tinctures,1006.99,26,38.73,46.36,466.86,26,5.0
4,2026-03-16,Flower,12983.0,376,34.53,40.31,5233.78,376,12.46
4,2026-03-16,Pre-Rolls,6080.48,648,9.38,46.82,2846.59,648,12.91
4,2026-03-16,Edibles,8095.09,282,28.71,33.05,2675.06,282,28.58
4,2026-03-16,Vapes,7090.81,143,49.59,28.44,2016.81,143,7.23
4,2026-03-16,Concentrates,2519.15,63,39.99,34.04,857.57,63,8.19
4,2026-03-16,Topicals,1148.14,41,28.0,40.49,464.87,41,6.33
4,2026-03-16,Tinctures,830.76,22,37.76,43.59,362.15,22,26.53
4,2026-03-17,Flower,13941.8,376,37.08,42.02,5858.65,376,12.52
4,2026-03-17,Pre-Rolls,5365.32,502,10.69,43.82,2350.85,502,18.63
4,2026-03-17,Edibles,7665.05,346,22.15,31.88,2443.79,346,14.61
4,2026-03-17,Vapes,7248.64,157,46.17,26.54,1923.98,157,29.94
4,2026-03-17,Concentrates,2686.71,118,22.77,30.72,825.29,118,5.39
4,2026-03-17,Topicals,1162.86,39,29.82,39.37,457.79,39,29.76
4,2026-03-17,Tinctures,680.71,20,34.04,44.16,300.59,20,16.4
5,2026-02-15,Flower,12992.99,269,48.3,39.26,5100.67,269,9.52
5,2026-02-15,Pre-Rolls,5274.14,444,11.88,44.5,2347.02,444,13.88
5,2026-02-15,Edibles,6577.89,273,24.09,35.78,2353.53,273,26.17
5,2026-02-15,Vapes,5984.48,159,37.64,29.11,1741.99,159,18.65
5,2026-02-15,Concentrates,2391.28,60,39.85,35.68,853.24,60,22.62
5,2026-02-15,Topicals,971.39,32,30.36,41.9,407.06,32,8.55
5,2026-02-15,Tinctures,734.37,18,40.8,49.84,365.98,18,24.47
5,2026-02-16,Flower,11147.97,344,32.41,43.9,4893.86,344,8.24
5,2026-02-16,Pre-Rolls,4784.93,362,13.22,49.6,2373.52,362,6.95
5,2026-02-16,Edibles,6586.78,244,27.0,33.12,2181.87,244,6.32
5,2026-02-16,Vapes,5593.07,125,44.74,29.69,1660.51,125,17.82
5,2026-02-16,Concentrates,2231.52,64,34.87,34.21,763.41,64,29.01
5,2026-02-16,Topicals,1019.68,39,26.15,35.35,360.49,39,28.07
5,2026-02-16,Tinctures,673.53,19,35.45,45.64,307.38,19,6.54
5,2026-02-17,Flower,11086.64,316,35.08,35.52,3937.55,316,20.87
5,2026-02-17,Pre-Rolls,5072.18,410,12.37,42.87,2174.35,410,7.06
5,2026-02-17,Edibles,6376.54,229,27.85,32.78,2090.13,229,8.31
5,2026-02-17,Vapes,5481.36,118,46.45,25.14,1378.13,118,7.79
5,2026-02-17,Concentrates,2084.22,65,32.06,31.51,656.77,65,16.17
5,2026-02-17,Topicals,1014.24,40,25.36,42.01,426.06,40,17.12
5,2026-02-17,Tinctures,675.08,18,37.5,43.43,293.18,18,7.11
5,2026-02-18,Flower,9676.6,166,58.29,36.54,3535.97,166,13.94
5,2026-02-18,Pre-Rolls,4904.67,366,13.4,42.38,2078.57,366,16.0
5,2026-02-18,Edibles,6115.76,336,18.2,37.34,2283.85,336,13.63
5,2026-02-18,Vapes,5509.21,125,44.07,26.16,1441.21,125,9.19
5,2026-02-18,Concentrates,2041.01,78,26.17,37.46,764.59,78,23.81
5,2026-02-18,Topicals,898.61,32,28.08,42.06,377.92,32,16.86
5,2026-02-18,Tinctures,552.96,14,39.5,40.12,221.84,14,28.18
5,2026-02-19,Flower,10213.05,202,50.56,44.62,4556.82,202,16.56
5,2026-02-19,Pre-Rolls,4016.34,278,14.45,46.37,1862.55,278,28.9
5,2026-02-19,Edibles,5815.94,202,28.79,38.58,2244.0,202,13.37
5,2026-02-19,Vapes,5059.54,184,27.5,31.54,1595.95,184,14.78
5,2026-02-19,Concentrates,2176.48,62,35.1,37.34,812.76,62,19.72
5,2026-02-19,Topicals,830.49,31,26.79,41.9,348.0,31,9.5
5,2026-02-19,Tinctures,595.25,17,35.01,48.32,287.61,17,5.3
5,2026-02-20,Flower,8571.79,258,33.22,39.46,3382.38,258,10.07
5,2026-02-20,Pre-Rolls,3821.92,408,9.37,40.24,1537.83,408,7.3
5,2026-02-20,Edibles,5793.92,233,24.87,38.35,2222.24,233,28.76
5,2026-02-20,Vapes,4926.48,115,42.84,26.2,1290.73,115,26.41
5,2026-02-20,Concentrates,1726.37,52,33.2,39.0,673.27,52,19.15
5,2026-02-20,Topicals,873.67,23,37.99,41.96,366.56,23,11.33
5,2026-02-20,Tinctures,529.16,13,40.7,46.39,245.46,13,28.07
5,2026-02-21,Flower,13033.56,304,42.87,44.03,5739.18,304,17.78
5,2026-02-21,Pre-Rolls,5640.8,617,9.14,40.74,2298.06,617,24.43
5,2026-02-21,Edibles,7613.68,380,20.04,30.6,2329.83,380,28.89
5,2026-02-21,Vapes,6686.53,185,36.14,29.92,2000.42,185,28.21
5,2026-02-21,Concentrates,2788.95,118,23.64,34.92,973.92,118,8.6
5,2026-02-21,Topicals,1232.31,50,24.65,41.43,510.59,50,27.82
5,2026-02-21,Tinctures,813.23,36,22.59,40.73,331.22,36,19.28
5,2026-02-22,Flower,14139.02,325,43.5,43.97,6216.24,325,9.08
5,2026-02-22,Pre-Rolls,6556.71,451,14.54,46.65,3058.45,451,11.66
5,2026-02-22,Edibles,8843.85,309,28.62,35.75,3161.36,309,17.88
5,2026-02-22,Vapes,8326.6,223,37.34,29.36,2444.74,223,26.1
5,2026-02-22,Concentrates,3143.49,88,35.72,35.4,1112.84,88,5.08
5,2026-02-22,Topicals,1391.4,38,36.62,39.82,554.06,38,19.18
5,2026-02-22,Tinctures,924.35,34,27.19,46.82,432.77,34,15.02
5,2026-02-23,Flower,10534.72,179,58.85,35.91,3782.67,179,14.48
5,2026-02-23,Pre-Rolls,4804.0,561,8.56,44.6,2142.41,561,24.16
5,2026-02-23,Edibles,6038.04,342,17.66,30.39,1835.16,342,14.6
5,2026-02-23,Vapes,4952.03,116,42.69,33.96,1681.94,116,20.77
5,2026-02-23,Concentrates,1994.86,91,21.92,36.33,724.69,91,23.38
5,2026-02-23,Topicals,816.36,34,24.01,42.2,344.48,34,19.82
5,2026-02-23,Tinctures,585.21,27,21.67,45.41,265.72,27,12.69
5,2026-02-24,Flower,9270.06,168,55.18,39.49,3661.03,168,20.94
5,2026-02-24,Pre-Rolls,3580.72,426,8.41,47.88,1714.37,426,6.07
5,2026-02-24,Edibles,4859.69,179,27.15,36.67,1782.2,179,16.46
5,2026-02-24,Vapes,4903.97,104,47.15,26.49,1299.04,104,19.48
5,2026-02-24,Concentrates,1997.97,96,20.81,31.42,627.68,96,21.35
5,2026-02-24,Topicals,784.68,20,39.23,35.46,278.23,20,22.53
5,2026-02-24,Tinctures,487.27,20,24.36,40.5,197.34,20,12.68
5,2026-02-25,Flower,9187.28,210,43.75,36.71,3372.36,210,15.27
5,2026-02-25,Pre-Rolls,3955.33,452,8.75,44.97,1778.77,452,24.98
5,2026-02-25,Edibles,4681.49,172,27.22,34.26,1603.98,172,25.29
5,2026-02-25,Vapes,4893.13,116,42.18,28.24,1381.93,116,29.4
5,2026-02-25,Concentrates,1761.88,77,22.88,38.36,675.93,77,24.83
5,2026-02-25,Topicals,783.1,24,32.63,38.36,300.36,24,8.02
5,2026-02-25,Tinctures,460.28,16,28.77,46.96,216.16,16,18.84
5,2026-02-26,Flower,9846.05,170,57.92,35.41,3486.19,170,8.4
5,2026-02-26,Pre-Rolls,4568.94,371,12.32,47.78,2182.89,371,5.39
5,2026-02-26,Edibles,5681.34,376,15.11,31.79,1806.33,376,7.23
5,2026-02-26,Vapes,5282.17,111,47.59,29.16,1540.4,111,25.19
5,2026-02-26,Concentrates,2102.35,62,33.91,32.06,674.05,62,21.0
5,2026-02-26,Topicals,858.37,30,28.61,44.38,380.95,30,20.26
5,2026-02-26,Tinctures,516.94,21,24.62,45.0,232.62,21,28.76
5,2026-02-27,Flower,10356.97,193,53.66,38.48,3985.21,193,7.06
5,2026-02-27,Pre-Rolls,4099.73,464,8.84,45.3,1857.26,464,7.39
5,2026-02-27,Edibles,5612.05,212,26.47,35.4,1986.51,212,10.48
5,2026-02-27,Vapes,5475.15,131,41.8,27.76,1520.13,131,9.84
5,2026-02-27,Concentrates,2139.84,63,33.97,39.69,849.21,63,16.86
5,2026-02-27,Topicals,809.68,24,33.74,35.43,286.88,24,21.12
5,2026-02-27,Tinctures,552.34,19,29.07,43.34,239.4,19,25.13
5,2026-02-28,Flower,14618.64,467,31.3,42.4,6198.91,467,19.95
5,2026-02-28,Pre-Rolls,5571.09,412,13.52,44.85,2498.67,412,7.9
5,2026-02-28,Edibles,8570.62,331,25.89,35.93,3079.17,331,13.15
5,2026-02-28,Vapes,6717.99,160,41.99,28.26,1898.29,160,24.47
5,2026-02-28,Concentrates,2683.38,122,21.99,37.38,1002.98,122,26.75
5,2026-02-28,Topicals,1161.79,47,24.72,39.71,461.35,47,17.11
5,2026-02-28,Tinctures,856.33,37,23.14,49.28,421.99,37,16.37
5,2026-03-01,Flower,13791.23,404,34.14,42.2,5819.65,404,15.85
5,2026-03-01,Pre-Rolls,6621.9,703,9.42,41.27,2733.0,703,22.31
5,2026-03-01,Edibles,7352.33,431,17.06,38.52,2831.86,431,16.46
5,2026-03-01,Vapes,6778.98,201,33.73,33.86,2295.64,201,20.09
5,2026-03-01,Concentrates,2985.24,91,32.8,36.12,1078.13,91,9.25
5,2026-03-01,Topicals,1323.07,35,37.8,35.86,474.52,35,26.42
5,2026-03-01,Tinctures,804.5,20,40.22,45.92,369.39,20,25.92
5,2026-03-02,Flower,9239.8,178,51.91,42.36,3914.15,178,10.45
5,2026-03-02,Pre-Rolls,3999.79,331,12.08,48.92,1956.63,331,19.79
5,2026-03-02,Edibles,5136.05,217,23.67,30.05,1543.42,217,29.5
5,2026-03-02,Vapes,4514.15,122,37.0,32.69,1475.5,122,5.84
5,2026-03-02,Concentrates,1945.38,65,29.93,37.98,738.86,65,25.53
5,2026-03-02,Topicals,820.7,33,24.87,40.58,333.08,33,5.31
5,2026-03-02,Tinctures,577.99,14,41.29,41.33,238.87,14,12.39
5,2026-03-03,Flower,11319.41,345,32.81,39.8,4504.88,345,11.27
5,2026-03-03,Pre-Rolls,4903.63,350,14.01,47.47,2327.9,350,5.61
5,2026-03-03,Edibles,6225.97,234,26.61,38.74,2412.07,234,15.13
5,2026-03-03,Vapes,5982.24,174,34.38,29.64,1773.31,174,20.84
5,2026-03-03,Concentrates,2357.44,110,21.43,38.93,917.86,110,13.32
5,2026-03-03,Topicals,854.33,29,29.46,37.7,322.07,29,28.65
5,2026-03-03,Tinctures,633.6,17,37.27,47.88,303.35,17,7.02
5,2026-03-04,Flower,9956.33,191,52.13,35.55,3539.29,191,20.23
5,2026-03-04,Pre-Rolls,4103.49,288,14.25,41.11,1686.93,288,14.14
5,2026-03-04,Edibles,5412.62,264,20.5,31.75,1718.65,264,18.97
5,2026-03-04,Vapes,4345.95,101,43.03,27.05,1175.45,101,29.53
5,2026-03-04,Concentrates,1753.61,78,22.48,34.78,609.99,78,28.48
5,2026-03-04,Topicals,805.7,20,40.29,37.1,298.9,20,23.63
5,2026-03-04,Tinctures,499.63,18,27.76,42.67,213.21,18,22.01
5,2026-03-05,Flower,9788.8,306,31.99,38.45,3764.02,306,13.81
5,2026-03-05,Pre-Rolls,4414.34,498,8.86,47.1,2079.08,498,21.96
5,2026-03-05,Edibles,5893.01,304,19.38,36.21,2133.83,304,25.0
5,2026-03-05,Vapes,5738.42,126,45.54,34.41,1974.52,126,6.64
5,2026-03-05,Concentrates,2209.7,75,29.46,30.8,680.63,75,27.45
5,2026-03-05,Topicals,841.01,21,40.05,36.09,303.55,21,11.9
5,2026-03-05,Tinctures,608.53,20,30.43,48.75,296.66,20,18.02
5,2026-03-06,Flower,10900.95,280,38.93,44.7,4872.26,280,14.58
5,2026-03-06,Pre-Rolls,4220.58,404,10.45,44.44,1875.57,404,21.12
5,2026-03-06,Edibles,5821.2,365,15.95,38.72,2253.85,365,10.81
5,2026-03-06,Vapes,5956.28,144,41.36,29.12,1734.28,144,13.57
5,2026-03-06,Concentrates,2188.17,82,26.69,35.93,786.29,82,22.42
5,2026-03-06,Topicals,973.48,33,29.5,38.04,370.32,33,8.3
5,2026-03-06,Tinctures,642.6,27,23.8,42.6,273.75,27,17.11
5,2026-03-07,Flower,12939.44,243,53.25,35.47,4590.03,243,11.94
5,2026-03-07,Pre-Rolls,5023.64,548,9.17,49.24,2473.71,548,22.8
5,2026-03-07,Edibles,6467.51,218,29.67,38.39,2483.09,218,22.32
5,2026-03-07,Vapes,6284.34,217,28.96,27.38,1720.59,217,6.03
5,2026-03-07,Concentrates,2278.47,101,22.56,32.6,742.87,101,9.61
5,2026-03-07,Topicals,1026.33,49,20.95,38.17,391.75,49,13.6
5,2026-03-07,Tinctures,658.6,21,31.36,41.63,274.15,21,12.54
5,2026-03-08,Flower,13881.43,329,42.19,39.99,5551.76,329,9.04
5,2026-03-08,Pre-Rolls,5441.69,531,10.25,40.04,2179.01,531,23.46
5,2026-03-08,Edibles,8012.98,401,19.98,37.05,2969.17,401,16.85
5,2026-03-08,Vapes,6308.48,129,48.9,34.81,2195.78,129,19.34
5,2026-03-08,Concentrates,2380.18,76,31.32,39.07,929.91,76,16.05
5,2026-03-08,Topicals,1139.07,32,35.6,44.0,501.21,32,8.49
5,2026-03-08,Tinctures,739.16,28,26.4,44.02,325.35,28,26.02
5,2026-03-09,Flower,9677.12,295,32.8,35.55,3440.25,295,15.98
5,2026-03-09,Pre-Rolls,4262.6,446,9.56,49.36,2103.88,446,11.95
5,2026-03-09,Edibles,5056.38,219,23.09,34.45,1742.15,219,21.79
5,2026-03-09,Vapes,4615.97,122,37.84,26.94,1243.75,122,12.94
5,2026-03-09,Concentrates,1997.68,51,39.17,39.08,780.78,51,14.03
5,2026-03-09,Topicals,779.49,21,37.12,38.7,301.63,21,14.32
5,2026-03-09,Tinctures,534.94,19,28.15,49.78,266.27,19,26.86
5,2026-03-10,Flower,8959.88,172,52.09,39.44,3533.97,172,20.9
5,2026-03-10,Pre-Rolls,4439.33,443,10.02,48.06,2133.4,443,29.26
5,2026-03-10,Edibles,5495.18,193,28.47,31.4,1725.25,193,19.68
5,2026-03-10,Vapes,4606.41,152,30.31,29.75,1370.23,152,26.69
5,2026-03-10,Concentrates,2143.15,100,21.43,39.6,848.71,100,23.9
5,2026-03-10,Topicals,768.13,27,28.45,44.14,339.08,27,15.36
5,2026-03-10,Tinctures,564.25,16,35.27,47.55,268.31,16,8.42
5,2026-03-11,Flower,8562.66,206,41.57,40.54,3471.19,206,7.59
5,2026-03-11,Pre-Rolls,4171.1,301,13.86,43.04,1795.2,301,18.98
5,2026-03-11,Edibles,5182.65,336,15.42,30.02,1556.06,336,11.57
5,2026-03-11,Vapes,5127.28,111,46.19,29.73,1524.1,111,21.35
5,2026-03-11,Concentrates,1970.79,69,28.56,34.92,688.18,69,22.2
5,2026-03-11,Topicals,743.14,33,22.52,37.77,280.7,33,29.86
5,2026-03-11,Tinctures,476.84,13,36.68,45.81,218.44,13,19.14
5,2026-03-12,Flower,10771.72,220,48.96,39.76,4282.88,220,16.72
5,2026-03-12,Pre-Rolls,3972.56,342,11.62,45.75,1817.55,342,26.13
5,2026-03-12,Edibles,5346.35,336,15.91,33.2,1774.82,336,26.96
5,2026-03-12,Vapes,4783.5,164,29.17,27.73,1326.31,164,15.49
5,2026-03-12,Concentrates,2171.9,80,27.15,32.9,714.53,80,18.24
5,2026-03-12,Topicals,934.98,30,31.17,42.66,398.9,30,9.58
5,2026-03-12,Tinctures,526.8,15,35.12,45.44,239.36,15,26.81
5,2026-03-13,Flower,11039.83,218,50.64,38.01,4196.32,218,16.6
5,2026-03-13,Pre-Rolls,4608.36,531,8.68,45.8,2110.65,531,25.58
5,2026-03-13,Edibles,5344.56,234,22.84,33.73,1802.73,234,17.12
5,2026-03-13,Vapes,5159.08,107,48.22,26.02,1342.61,107,8.86
5,2026-03-13,Concentrates,1956.9,82,23.86,38.97,762.62,82,20.34
5,2026-03-13,Topicals,947.09,31,30.55,40.32,381.87,31,18.78
5,2026-03-13,Tinctures,622.5,27,23.06,44.6,277.66,27,6.91
5,2026-03-14,Flower,13748.42,238,57.77,39.8,5471.21,238,11.36
5,2026-03-14,Pre-Rolls,5386.72,392,13.74,48.9,2633.96,392,19.94
5,2026-03-14,Edibles,7774.62,386,20.14,37.1,2884.3,386,5.72
5,2026-03-14,Vapes,7064.94,231,30.58,33.57,2371.57,231,8.56
5,2026-03-14,Concentrates,2443.5,108,22.62,31.3,764.87,108,6.97
5,2026-03-14,Topicals,1150.07,32,35.94,35.78,411.46,32,24.37
5,2026-03-14,Tinctures,776.54,37,20.99,41.08,318.99,37,24.83
5,2026-03-15,Flower,14436.47,454,31.8,36.19,5224.44,454,10.54
5,2026-03-15,Pre-Rolls,5635.14,444,12.69,47.55,2679.25,444,24.56
5,2026-03-15,Edibles,8918.48,493,18.09,39.01,3479.25,493,9.62
5,2026-03-15,Vapes,7184.64,263,27.32,33.46,2403.88,263,28.55
5,2026-03-15,Concentrates,3137.99,116,27.05,31.61,991.78,116,17.52
5,2026-03-15,Topicals,1290.5,51,25.3,40.7,525.26,51,7.48
5,2026-03-15,Tinctures,835.58,41,20.38,42.17,352.36,41,9.79
5,2026-03-16,Flower,10243.89,179,57.23,40.37,4135.59,179,20.63
5,2026-03-16,Pre-Rolls,4222.07,444,9.51,45.04,1901.7,444,22.69
5,2026-03-16,Edibles,5957.22,249,23.92,34.4,2049.09,249,28.94
5,2026-03-16,Vapes,5157.0,152,33.93,28.8,1485.02,152,10.36
5,2026-03-16,Concentrates,2025.51,91,22.26,39.85,807.09,91,8.09
5,2026-03-16,Topicals,846.55,37,22.88,42.62,360.82,37,22.62
5,2026-03-16,Tinctures,619.06,29,21.35,43.28,267.94,29,7.89
5,2026-03-17,Flower,10185.41,212,48.04,38.12,3882.69,212,20.67
5,2026-03-17,Pre-Rolls,4511.5,379,11.9,42.91,1935.7,379,26.38
5,2026-03-17,Edibles,5704.86,355,16.07,38.41,2191.27,355,16.89
5,2026-03-17,Vapes,5671.32,192,29.54,34.99,1984.24,192,17.29
5,2026-03-17,Concentrates,1961.09,68,28.84,36.59,717.48,68,7.13
5,2026-03-17,Topicals,847.44,30,28.25,40.91,346.65,30,7.54
5,2026-03-17,Tinctures,660.1,16,41.26,40.65,268.31,16,29.38
6,2026-02-15,Flower,14345.67,299,47.98,44.91,6442.16,299,8.72
6,2026-02-15,Pre-Rolls,6782.8,518,13.09,42.79,2902.03,518,22.84
6,2026-02-15,Edibles,8609.7,450,19.13,37.89,3262.64,450,21.1
6,2026-02-15,Vapes,7471.71,202,36.99,31.03,2318.59,202,15.11
6,2026-02-15,Concentrates,2955.65,115,25.7,37.68,1113.69,115,7.7
6,2026-02-15,Topicals,1207.28,40,30.18,41.28,498.41,40,8.37
6,2026-02-15,Tinctures,779.26,37,21.06,40.68,317.02,37,21.95
6,2026-02-16,Flower,14087.39,339,41.56,41.79,5887.41,339,9.14
6,2026-02-16,Pre-Rolls,5651.18,651,8.68,40.77,2303.71,651,23.79
6,2026-02-16,Edibles,7749.1,288,26.91,32.02,2481.21,288,21.55
6,2026-02-16,Vapes,6607.02,209,31.61,28.44,1878.78,209,26.49
6,2026-02-16,Concentrates,2598.42,66,39.37,30.32,787.74,66,15.76
6,2026-02-16,Topicals,1194.88,43,27.79,38.15,455.8,43,14.41
6,2026-02-16,Tinctures,729.61,35,20.85,45.57,332.46,35,26.51
6,2026-02-17,Flower,10687.67,208,51.38,39.91,4265.96,208,8.88
6,2026-02-17,Pre-Rolls,4973.98,435,11.43,41.09,2044.0,435,21.88
6,2026-02-17,Edibles,6561.22,259,25.33,35.72,2343.81,259,16.9
6,2026-02-17,Vapes,6127.42,162,37.82,28.91,1771.67,162,17.37
6,2026-02-17,Concentrates,2434.74,75,32.46,33.53,816.31,75,29.44
6,2026-02-17,Topicals,919.41,44,20.9,35.45,325.94,44,25.92
6,2026-02-17,Tinctures,616.55,17,36.27,40.27,248.28,17,27.28
6,2026-02-18,Flower,10442.38,317,32.94,38.45,4015.25,317,12.0
6,2026-02-18,Pre-Rolls,4484.56,355,12.63,42.48,1904.87,355,21.2
6,2026-02-18,Edibles,6276.78,219,28.66,30.66,1924.15,219,12.62
6,2026-02-18,Vapes,5366.31,210,25.55,28.26,1516.58,210,16.52
6,2026-02-18,Concentrates,2313.71,73,31.69,39.01,902.67,73,11.67
6,2026-02-18,Topicals,960.64,30,32.02,44.86,430.92,30,14.44
6,2026-02-18,Tinctures,602.75,19,31.72,48.08,289.82,19,7.5
6,2026-02-19,Flower,13178.8,328,40.18,40.03,5275.17,328,17.71
6,2026-02-19,Pre-Rolls,5281.82,429,12.31,43.63,2304.63,429,15.9
6,2026-02-19,Edibles,7271.49,262,27.75,37.87,2753.82,262,26.01
6,2026-02-19,Vapes,6595.26,204,32.33,25.48,1680.16,204,29.91
6,2026-02-19,Concentrates,2496.68,101,24.72,37.43,934.48,101,7.3
6,2026-02-19,Topicals,1166.52,53,22.01,38.37,447.57,53,6.68
6,2026-02-19,Tinctures,771.42,26,29.67,42.1,324.75,26,24.89
6,2026-02-20,Flower,11398.38,291,39.17,43.04,4906.01,291,13.06
6,2026-02-20,Pre-Rolls,4779.2,508,9.41,44.02,2103.95,508,20.62
6,2026-02-20,Edibles,6262.63,236,26.54,31.81,1991.89,236,5.47
6,2026-02-20,Vapes,5920.96,127,46.62,30.77,1821.79,127,10.32
6,2026-02-20,Concentrates,2417.12,69,35.03,34.67,838.09,69,28.43
6,2026-02-20,Topicals,954.47,29,32.91,42.69,407.47,29,15.84
6,2026-02-20,Tinctures,640.54,19,33.71,45.22,289.67,19,14.11
6,2026-02-21,Flower,13667.02,395,34.6,41.85,5720.07,395,11.2
6,2026-02-21,Pre-Rolls,6219.8,607,10.25,48.3,3004.3,607,6.61
6,2026-02-21,Edibles,7903.51,373,21.19,38.24,3022.08,373,21.15
6,2026-02-21,Vapes,7193.15,179,40.19,29.06,2090.23,179,7.84
6,2026-02-21,Concentrates,2759.38,110,25.09,38.27,1056.08,110,16.6
6,2026-02-21,Topicals,1275.32,44,28.98,41.47,528.87,44,5.93
6,2026-02-21,Tinctures,782.92,34,23.03,42.58,333.4,34,25.09
6,2026-02-22,Flower,15228.68,431,35.33,43.53,6628.32,431,20.49
6,2026-02-22,Pre-Rolls,6307.92,774,8.15,48.6,3065.39,774,7.1
6,2026-02-22,Edibles,8605.83,307,28.03,39.01,3356.77,307,15.18
6,2026-02-22,Vapes,7383.67,178,41.48,25.9,1912.6,178,28.58
6,2026-02-22,Concentrates,3084.45,135,22.85,31.12,959.86,135,23.36
6,2026-02-22,Topicals,1374.71,45,30.55,43.29,595.11,45,28.74
6,2026-02-22,Tinctures,916.24,36,25.45,48.85,447.54,36,10.95
6,2026-02-23,Flower,10898.82,201,54.22,38.29,4173.47,201,15.18
6,2026-02-23,Pre-Rolls,4941.41,373,13.25,42.36,2093.15,373,15.57
6,2026-02-23,Edibles,6257.54,354,17.68,39.7,2484.19,354,15.99
6,2026-02-23,Vapes,5765.21,145,39.76,29.9,1724.0,145,14.37
6,2026-02-23,Concentrates,2569.49,97,26.49,34.24,879.74,97,22.07
6,2026-02-23,Topicals,1104.16,29,38.07,44.37,489.91,29,14.07
6,2026-02-23,Tinctures,702.74,19,36.99,40.21,282.58,19,29.17
6,2026-02-24,Flower,12696.9,229,55.44,41.62,5284.73,229,20.17
6,2026-02-24,Pre-Rolls,5531.98,409,13.53,42.4,2345.38,409,18.82
6,2026-02-24,Edibles,6833.98,232,29.46,33.63,2298.17,232,25.31
6,2026-02-24,Vapes,5911.15,126,46.91,33.58,1984.76,126,14.71
6,2026-02-24,Concentrates,2690.56,96,28.03,39.78,1070.3,96,11.39
6,2026-02-24,Topicals,978.41,26,37.63,37.35,365.48,26,10.26
6,2026-02-24,Tinctures,765.95,19,40.31,46.31,354.74,19,26.99
6,2026-02-25,Flower,12435.65,294,42.3,35.34,4394.61,294,19.13
6,2026-02-25,Pre-Rolls,5386.69,369,14.6,44.71,2408.44,369,15.32
6,2026-02-25,Edibles,7206.5,279,25.83,38.77,2793.79,279,25.51
6,2026-02-25,Vapes,6465.49,152,42.54,30.06,1943.74,152,13.8
6,2026-02-25,Concentrates,2409.39,66,36.51,37.38,900.58,66,16.33
6,2026-02-25,Topicals,916.27,43,21.31,41.42,379.48,43,20.75
6,2026-02-25,Tinctures,713.88,31,23.03,44.01,314.16,31,20.71
6,2026-02-26,Flower,11763.53,362,32.5,36.58,4302.89,362,14.23
6,2026-02-26,Pre-Rolls,5728.49,414,13.84,47.63,2728.58,414,26.17
6,2026-02-26,Edibles,7241.53,269,26.92,33.19,2403.75,269,16.96
6,2026-02-26,Vapes,6579.49,208,31.63,31.87,2097.19,208,25.67
6,2026-02-26,Concentrates,2590.14,108,23.98,34.14,884.4,108,9.55
6,2026-02-26,Topicals,1126.16,28,40.22,43.84,493.75,28,10.61
6,2026-02-26,Tinctures,760.79,19,40.04,46.47,353.55,19,20.67
6,2026-02-27,Flower,11253.76,190,59.23,36.98,4161.94,190,16.82
6,2026-02-27,Pre-Rolls,4164.65,385,10.82,44.29,1844.48,385,11.5
6,2026-02-27,Edibles,5458.08,266,20.52,39.47,2154.44,266,7.93
6,2026-02-27,Vapes,5586.13,155,36.04,34.2,1910.45,155,16.34
6,2026-02-27,Concentrates,2153.66,96,22.43,37.14,799.78,96,9.76
6,2026-02-27,Topicals,956.6,26,36.79,37.88,362.35,26,17.35
6,2026-02-27,Tinctures,550.7,14,39.34,46.0,253.33,14,29.88
6,2026-02-28,Flower,13860.17,275,50.4,39.18,5430.87,275,12.72
6,2026-02-28,Pre-Rolls,5769.9,575,10.03,42.62,2459.01,575,20.44
6,2026-02-28,Edibles,8953.97,435,20.58,36.84,3298.88,435,16.45
6,2026-02-28,Vapes,6721.76,237,28.36,28.23,1897.72,237,22.33
6,2026-02-28,Concentrates,3006.11,87,34.55,37.08,1114.8,87,23.4
6,2026-02-28,Topicals,1181.37,53,22.29,35.59,420.42,53,13.32
6,2026-02-28,Tinctures,784.04,20,39.2,49.97,391.76,20,28.48
6,2026-03-01,Flower,18102.57,377,48.02,42.48,7690.41,377,7.64
6,2026-03-01,Pre-Rolls,6745.68,546,12.35,43.03,2902.33,546,14.87
6,2026-03-01,Edibles,9216.07,312,29.54,35.6,3280.52,312,19.51
6,2026-03-01,Vapes,8106.11,215,37.7,34.3,2780.66,215,26.95
6,2026-03-01,Concentrates,3067.36,116,26.44,35.3,1082.91,116,8.54
6,2026-03-01,Topicals,1310.31,62,21.13,36.28,475.36,62,26.79
6,2026-03-01,Tinctures,1009.38,28,36.05,49.26,497.24,28,12.07
6,2026-03-02,Flower,11244.42,232,48.47,42.62,4791.88,232,10.69
6,2026-03-02,Pre-Rolls,4313.62,302,14.28,43.16,1861.56,302,29.86
6,2026-03-02,Edibles,6290.04,364,17.28,38.53,2423.57,364,21.44
6,2026-03-02,Vapes,5698.18,216,26.38,26.49,1509.23,216,10.75
6,2026-03-02,Concentrates,1897.11,75,25.29,37.06,703.06,75,15.91
6,2026-03-02,Topicals,985.01,25,39.4,35.41,348.77,25,13.91
6,2026-03-02,Tinctures,622.47,20,31.12,44.93,279.68,20,26.15
6,2026-03-03,Flower,11293.67,335,33.71,35.94,4058.47,335,19.15
6,2026-03-03,Pre-Rolls,4221.27,459,9.2,45.09,1903.26,459,11.82
6,2026-03-03,Edibles,6482.41,272,23.83,35.84,2323.0,272,29.29
6,2026-03-03,Vapes,5439.28,138,39.42,29.16,1586.32,138,6.92
6,2026-03-03,Concentrates,2217.23,66,33.59,38.87,861.92,66,5.65
6,2026-03-03,Topicals,934.56,27,34.61,38.94,363.93,27,19.76
6,2026-03-03,Tinctures,655.49,17,38.56,41.54,272.28,17,7.03
6,2026-03-04,Flower,13520.58,271,49.89,39.54,5346.11,271,20.37
6,2026-03-04,Pre-Rolls,5537.46,688,8.05,49.7,2751.99,688,21.4
6,2026-03-04,Edibles,7900.25,397,19.9,37.32,2948.01,397,23.36
6,2026-03-04,Vapes,7118.71,181,39.33,27.11,1930.14,181,6.22
6,2026-03-04,Concentrates,2609.23,98,26.62,30.56,797.26,98,6.77
6,2026-03-04,Topicals,1185.26,42,28.22,38.99,462.11,42,9.45
6,2026-03-04,Tinctures,792.08,21,37.72,40.89,323.89,21,26.31
6,2026-03-05,Flower,11954.65,223,53.61,37.85,4524.76,223,17.54
6,2026-03-05,Pre-Rolls,5663.05,640,8.85,44.91,2543.19,640,15.81
6,2026-03-05,Edibles,7773.83,395,19.68,36.85,2864.63,395,8.28
6,2026-03-05,Vapes,6810.76,148,46.02,30.13,2051.85,148,17.24
6,2026-03-05,Concentrates,2761.38,93,29.69,35.63,983.9,93,15.58
6,2026-03-05,Topicals,1155.12,31,37.26,41.14,475.2,31,15.85
6,2026-03-05,Tinctures,721.66,34,21.23,43.42,313.33,34,16.59
6,2026-03-06,Flower,11441.74,226,50.63,36.55,4182.04,226,13.93
6,2026-03-06,Pre-Rolls,5324.32,456,11.68,42.91,2284.51,456,15.93
6,2026-03-06,Edibles,7483.35,337,22.21,31.49,2356.21,337,8.19
6,2026-03-06,Vapes,6729.65,146,46.09,30.23,2034.44,146,12.39
6,2026-03-06,Concentrates,2202.85,102,21.6,30.45,670.79,102,7.69
6,2026-03-06,Topicals,1022.38,46,22.23,41.61,425.4,46,19.21
6,2026-03-06,Tinctures,657.85,26,25.3,40.82,268.52,26,17.59
6,2026-03-07,Flower,14259.9,286,49.86,36.8,5247.0,286,9.55
6,2026-03-07,Pre-Rolls,6480.96,755,8.58,48.77,3160.61,755,12.44
6,2026-03-07,Edibles,8984.34,411,21.86,36.7,3297.49,411,20.6
6,2026-03-07,Vapes,7573.89,154,49.18,33.71,2553.42,154,9.68
6,2026-03-07,Concentrates,2895.96,82,35.32,36.04,1043.72,82,26.79
6,2026-03-07,Topicals,1220.26,39,31.29,35.06,427.81,39,7.92
6,2026-03-07,Tinctures,825.06,27,30.56,46.92,387.1,27,26.72
6,2026-03-08,Flower,16822.7,350,48.06,39.87,6706.74,350,15.66
6,2026-03-08,Pre-Rolls,7220.44,686,10.53,46.74,3374.69,686,22.26
6,2026-03-08,Edibles,8609.07,440,19.57,31.25,2690.41,440,5.35
6,2026-03-08,Vapes,7300.07,287,25.44,34.71,2533.51,287,26.48
6,2026-03-08,Concentrates,2898.82,87,33.32,36.5,1057.99,87,15.89
6,2026-03-08,Topicals,1352.32,37,36.55,36.91,499.13,37,12.52
6,2026-03-08,Tinctures,872.94,29,30.1,40.22,351.08,29,9.15
6,2026-03-09,Flower,10385.75,203,51.16,44.64,4636.06,203,13.6
6,2026-03-09,Pre-Rolls,5127.79,423,12.12,42.01,2154.36,423,19.24
6,2026-03-09,Edibles,6803.94,431,15.79,30.08,2046.54,431,20.76
6,2026-03-09,Vapes,5984.92,120,49.87,33.49,2004.12,120,23.43
6,2026-03-09,Concentrates,2275.12,73,31.17,32.91,748.69,73,17.19
6,2026-03-09,Topicals,954.05,29,32.9,41.11,392.26,29,21.97
6,2026-03-09,Tinctures,678.21,22,30.83,47.14,319.73,22,18.21
6,2026-03-10,Flower,10957.12,277,39.56,35.64,3904.58,277,19.5
6,2026-03-10,Pre-Rolls,4691.26,414,11.33,44.95,2108.62,414,28.47
6,2026-03-10,Edibles,6165.5,242,25.48,30.21,1862.48,242,12.2
6,2026-03-10,Vapes,5371.99,159,33.79,27.32,1467.68,159,10.49
6,2026-03-10,Concentrates,2408.28,89,27.06,36.02,867.49,89,26.06
6,2026-03-10,Topicals,984.01,43,22.88,37.93,373.28,43,22.78
6,2026-03-10,Tinctures,694.53,18,38.59,46.73,324.56,18,23.36
6,2026-03-11,Flower,12076.74,223,54.16,43.45,5246.78,223,15.71
6,2026-03-11,Pre-Rolls,4673.89,352,13.28,46.67,2181.33,352,8.23
6,2026-03-11,Edibles,6123.73,254,24.11,31.01,1898.91,254,15.4
6,2026-03-11,Vapes,6442.86,197,32.7,27.09,1745.65,197,6.18
6,2026-03-11,Concentrates,2060.6,54,38.16,33.57,691.75,54,8.97
6,2026-03-11,Topicals,1041.4,27,38.57,35.32,367.82,27,6.59
6,2026-03-11,Tinctures,642.49,19,33.82,41.21,264.75,19,10.6
6,2026-03-12,Flower,12045.18,299,40.28,38.55,4643.71,299,7.65
6,2026-03-12,Pre-Rolls,5834.8,591,9.87,41.51,2422.13,591,22.25
6,2026-03-12,Edibles,7255.57,289,25.11,37.06,2689.21,289,28.17
6,2026-03-12,Vapes,6429.03,176,36.53,33.42,2148.32,176,7.77
6,2026-03-12,Concentrates,2332.11,72,32.39,37.82,882.04,72,28.68
6,2026-03-12,Topicals,1155.22,55,21.0,36.05,416.5,55,20.75
6,2026-03-12,Tinctures,776.98,20,38.85,41.57,322.99,20,12.3
6,2026-03-13,Flower,11803.6,261,45.22,42.33,4995.94,261,8.39
6,2026-03-13,Pre-Rolls,5269.14,509,10.35,41.38,2180.25,509,26.21
6,2026-03-13,Edibles,6741.63,317,21.27,37.69,2540.94,317,11.13
6,2026-03-13,Vapes,6522.04,194,33.62,30.05,1959.89,194,7.13
6,2026-03-13,Concentrates,2327.72,66,35.27,33.61,782.26,66,21.62
6,2026-03-13,Topicals,952.38,27,35.27,39.22,373.5,27,10.7
6,2026-03-13,Tinctures,723.66,25,28.95,44.09,319.09,25,16.47
6,2026-03-14,Flower,14592.07,271,53.85,38.62,5635.13,271,7.42
6,2026-03-14,Pre-Rolls,5427.91,672,8.08,48.06,2608.79,672,28.59
6,2026-03-14,Edibles,7142.49,362,19.73,39.82,2844.1,362,9.11
6,2026-03-14,Vapes,6395.56,145,44.11,31.6,2021.11,145,21.04
6,2026-03-14,Concentrates,2945.74,139,21.19,36.32,1069.78,139,22.83
6,2026-03-14,Topicals,1205.88,39,30.92,37.96,457.72,39,15.05
6,2026-03-14,Tinctures,807.11,25,32.28,43.04,347.41,25,23.57
6,2026-03-15,Flower,16096.88,532,30.26,37.8,6084.27,532,14.39
6,2026-03-15,Pre-Rolls,6912.97,535,12.92,44.46,3073.64,535,10.13
6,2026-03-15,Edibles,8577.88,319,26.89,36.52,3132.67,319,22.44
6,2026-03-15,Vapes,8245.41,185,44.57,29.05,2394.88,185,9.93
6,2026-03-15,Concentrates,2857.7,137,20.86,33.34,952.9,137,23.13
6,2026-03-15,Topicals,1336.58,59,22.65,44.92,600.38,59,12.1
6,2026-03-15,Tinctures,780.99,25,31.24,45.21,353.11,25,23.93
6,2026-03-16,Flower,10572.39,342,30.91,42.97,4542.53,342,15.3
6,2026-03-16,Pre-Rolls,4610.09,343,13.44,47.27,2178.96,343,29.67
6,2026-03-16,Edibles,5977.08,375,15.94,33.73,2016.06,375,20.67
6,2026-03-16,Vapes,5664.11,216,26.22,31.51,1784.74,216,8.12
6,2026-03-16,Concentrates,2177.07,62,35.11,34.53,751.77,62,29.57
6,2026-03-16,Topicals,1031.7,25,41.27,40.66,419.45,25,27.36
6,2026-03-16,Tinctures,664.77,21,31.66,45.96,305.5,21,13.76
6,2026-03-17,Flower,11988.31,223,53.76,42.15,5052.9,223,16.41
6,2026-03-17,Pre-Rolls,5599.4,481,11.64,42.48,2378.42,481,13.2
6,2026-03-17,Edibles,7276.9,266,27.36,33.61,2445.96,266,7.45
6,2026-03-17,Vapes,6715.79,146,46.0,25.82,1733.98,146,6.55
6,2026-03-17,Concentrates,2700.33,91,29.67,34.46,930.58,91,14.23
6,2026-03-17,Topicals,1079.48,33,32.71,40.19,433.84,33,14.87
6,2026-03-17,Tinctures,682.06,22,31.0,44.23,301.71,22,16.0
7,2026-02-15,Flower,15685.14,351,44.69,44.73,7016.39,351,18.53
7,2026-02-15,Pre-Rolls,5748.49,646,8.9,47.11,2708.2,646,8.23
7,2026-02-15,Edibles,8589.12,307,27.98,31.18,2678.14,307,10.32
7,2026-02-15,Vapes,7386.86,169,43.71,34.44,2544.09,169,14.23
7,2026-02-15,Concentrates,3149.03,98,32.13,34.09,1073.39,98,8.02
7,2026-02-15,Topicals,1255.5,60,20.93,36.53,458.67,60,14.29
7,2026-02-15,Tinctures,906.19,34,26.65,44.86,406.51,34,24.78
7,2026-02-16,Flower,9904.53,207,47.85,35.49,3514.77,207,19.52
7,2026-02-16,Pre-Rolls,4927.78,518,9.51,48.19,2374.76,518,17.22
7,2026-02-16,Edibles,5635.58,278,20.27,38.7,2181.21,278,15.44
7,2026-02-16,Vapes,5566.6,142,39.2,34.0,1892.8,142,24.53
7,2026-02-16,Concentrates,2123.04,61,34.8,36.06,765.51,61,24.05
7,2026-02-16,Topicals,915.28,31,29.53,39.5,361.53,31,16.23
7,2026-02-16,Tinctures,654.27,24,27.26,48.0,314.04,24,21.61
7,2026-02-17,Flower,8994.75,243,37.02,38.95,3503.81,243,14.57
7,2026-02-17,Pre-Rolls,4285.52,301,14.24,47.36,2029.58,301,21.15
7,2026-02-17,Edibles,5617.58,219,25.65,35.72,2006.6,219,24.9
7,2026-02-17,Vapes,4906.43,125,39.25,26.24,1287.34,125,18.98
7,2026-02-17,Concentrates,1719.36,53,32.44,35.77,614.99,53,6.32
7,2026-02-17,Topicals,796.2,33,24.13,39.76,316.56,33,27.42
7,2026-02-17,Tinctures,483.69,12,40.31,41.8,202.17,12,5.47
7,2026-02-18,Flower,9676.92,259,37.36,42.06,4069.74,259,19.43
7,2026-02-18,Pre-Rolls,3878.55,284,13.66,46.07,1786.79,284,15.04
7,2026-02-18,Edibles,4753.81,170,27.96,30.23,1437.2,170,15.93
7,2026-02-18,Vapes,4626.69,99,46.73,28.17,1303.51,99,11.43
7,2026-02-18,Concentrates,1689.34,76,22.23,31.68,535.21,76,8.6
7,2026-02-18,Topicals,746.11,34,21.94,38.07,284.03,34,15.18
7,2026-02-18,Tinctures,488.37,15,32.56,43.25,211.24,15,5.68
7,2026-02-19,Flower,9484.2,227,41.78,38.2,3623.0,227,12.78
7,2026-02-19,Pre-Rolls,4301.59,404,10.65,48.28,2076.69,404,8.02
7,2026-02-19,Edibles,5590.81,212,26.37,35.86,2004.88,212,17.32
7,2026-02-19,Vapes,5620.05,162,34.69,26.15,1469.69,162,6.52
7,2026-02-19,Concentrates,2065.91,73,28.3,34.84,719.8,73,15.19
7,2026-02-19,Topicals,844.18,22,38.37,37.69,318.19,22,29.09
7,2026-02-19,Tinctures,615.26,24,25.64,45.55,280.23,24,24.63
7,2026-02-20,Flower,8959.9,212,42.26,35.84,3211.15,212,15.9
7,2026-02-20,Pre-Rolls,3759.11,254,14.8,43.73,1643.97,254,29.63
7,2026-02-20,Edibles,5628.69,244,23.07,34.24,1927.12,244,27.79
7,2026-02-20,Vapes,4749.06,189,25.13,29.65,1407.93,189,25.73
7,2026-02-20,Concentrates,1786.25,45,39.69,30.01,535.97,45,28.34
7,2026-02-20,Topicals,796.38,24,33.18,43.39,345.59,24,14.5
7,2026-02-20,Tinctures,516.98,15,34.47,45.85,237.04,15,17.76
7,2026-02-21,Flower,11352.41,217,52.32,40.63,4612.58,217,11.21
7,2026-02-21,Pre-Rolls,5239.75,591,8.87,41.4,2169.07,591,18.91
7,2026-02-21,Edibles,6821.01,317,21.52,36.1,2462.69,317,28.94
7,2026-02-21,Vapes,6188.8,147,42.1,28.43,1759.25,147,11.53
7,2026-02-21,Concentrates,2623.74,90,29.15,32.46,851.65,90,29.58
7,2026-02-21,Topicals,1036.46,35,29.61,41.0,424.9,35,5.4
7,2026-02-21,Tinctures,740.95,22,33.68,40.02,296.53,22,16.91
7,2026-02-22,Flower,12724.47,253,50.29,39.13,4979.29,253,19.53
7,2026-02-22,Pre-Rolls,5253.29,393,13.37,45.38,2384.01,393,24.68
7,2026-02-22,Edibles,6931.43,428,16.19,30.31,2100.88,428,25.8
7,2026-02-22,Vapes,6265.56,149,42.05,28.53,1787.56,149,25.32
7,2026-02-22,Concentrates,2510.04,92,27.28,31.77,797.49,92,24.2
7,2026-02-22,Topicals,1049.39,52,20.18,39.63,415.84,52,28.41
7,2026-02-22,Tinctures,665.61,27,24.65,40.2,267.56,27,12.03
7,2026-02-23,Flower,10532.1,258,40.82,35.9,3780.99,258,15.59
7,2026-02-23,Pre-Rolls,3999.04,307,13.03,42.34,1693.3,307,17.35
7,2026-02-23,Edibles,5398.46,281,19.21,39.05,2107.83,281,22.67
7,2026-02-23,Vapes,4704.84,157,29.97,33.21,1562.53,157,14.9
7,2026-02-23,Concentrates,2086.42,66,31.61,34.94,729.0,66,18.79
7,2026-02-23,Topicals,859.2,27,31.82,41.82,359.35,27,19.13
7,2026-02-23,Tinctures,506.8,22,23.04,40.65,206.02,22,11.49
7,2026-02-24,Flower,9025.58,245,36.84,40.23,3631.06,245,17.95
7,2026-02-24,Pre-Rolls,3579.67,280,12.78,49.92,1786.95,280,22.32
7,2026-02-24,Edibles,5119.87,272,18.82,35.6,1822.73,272,16.35
7,2026-02-24,Vapes,4978.63,121,41.15,34.43,1714.18,121,6.3
7,2026-02-24,Concentrates,1936.44,67,28.9,39.95,773.63,67,11.85
7,2026-02-24,Topicals,790.45,26,30.4,38.61,305.23,26,23.98
7,2026-02-24,Tinctures,547.68,22,24.89,42.78,234.29,22,15.5
7,2026-02-25,Flower,9786.8,324,30.21,36.95,3615.84,324,8.15
7,2026-02-25,Pre-Rolls,4298.55,525,8.19,47.37,2036.42,525,29.45
7,2026-02-25,Edibles,5564.16,345,16.13,32.5,1808.34,345,9.11
7,2026-02-25,Vapes,4892.8,120,40.77,25.97,1270.53,120,17.0
7,2026-02-25,Concentrates,2099.43,65,32.3,36.26,761.31,65,13.36
7,2026-02-25,Topicals,805.23,36,22.37,37.38,301.02,36,13.52
7,2026-02-25,Tinctures,514.67,19,27.09,47.94,246.74,19,28.59
7,2026-02-26,Flower,11653.73,239,48.76,42.64,4969.26,239,15.75
7,2026-02-26,Pre-Rolls,4808.13,559,8.6,40.61,1952.43,559,5.83
7,2026-02-26,Edibles,6075.52,219,27.74,30.65,1862.17,219,8.19
7,2026-02-26,Vapes,6156.21,170,36.21,28.01,1724.64,170,20.65
7,2026-02-26,Concentrates,2017.1,60,33.62,35.59,717.94,60,12.37
7,2026-02-26,Topicals,924.24,42,22.01,42.52,392.98,42,10.83
7,2026-02-26,Tinctures,643.69,19,33.88,40.11,258.16,19,14.6
7,2026-02-27,Flower,10961.05,194,56.5,41.19,4515.11,194,11.75
7,2026-02-27,Pre-Rolls,4823.94,357,13.51,44.54,2148.62,357,13.2
7,2026-02-27,Edibles,5550.57,335,16.57,35.95,1995.53,335,6.69
7,2026-02-27,Vapes,5630.99,188,29.95,30.73,1730.52,188,20.93
7,2026-02-27,Concentrates,1969.11,69,28.54,37.25,733.42,69,16.12
7,2026-02-27,Topicals,841.58,23,36.59,35.6,299.64,23,12.79
7,2026-02-27,Tinctures,583.84,14,41.7,47.54,277.58,14,12.78
7,2026-02-28,Flower,12196.95,228,53.5,36.47,4448.73,228,11.32
7,2026-02-28,Pre-Rolls,4700.85,444,10.59,40.08,1884.14,444,19.66
7,2026-02-28,Edibles,6701.88,422,15.88,35.07,2350.42,422,25.88
7,2026-02-28,Vapes,6241.83,175,35.67,26.95,1682.43,175,10.01
7,2026-02-28,Concentrates,2449.93,68,36.03,33.42,818.66,68,21.7
7,2026-02-28,Topicals,1008.48,25,40.34,41.0,413.45,25,13.28
7,2026-02-28,Tinctures,657.26,16,41.08,46.16,303.4,16,15.47
7,2026-03-01,Flower,12260.14,281,43.63,42.89,5258.61,281,7.59
7,2026-03-01,Pre-Rolls,5318.73,662,8.03,42.23,2246.11,662,10.76
7,2026-03-01,Edibles,7699.48,414,18.6,37.35,2875.44,414,28.81
7,2026-03-01,Vapes,6534.09,150,43.56,27.05,1767.68,150,9.61
7,2026-03-01,Concentrates,2887.29,105,27.5,30.74,887.47,105,5.75
7,2026-03-01,Topicals,1040.25,40,26.01,36.94,384.31,40,19.64
7,2026-03-01,Tinctures,791.23,37,21.38,40.3,318.84,37,9.95
7,2026-03-02,Flower,9375.8,165,56.82,42.19,3955.5,165,11.76
7,2026-03-02,Pre-Rolls,4345.18,469,9.26,40.21,1747.41,469,26.07
7,2026-03-02,Edibles,6201.79,404,15.35,36.77,2280.68,404,14.47
7,2026-03-02,Vapes,5454.49,196,27.83,34.36,1874.22,196,12.63
7,2026-03-02,Concentrates,1901.64,52,36.57,36.61,696.17,52,28.53
7,2026-03-02,Topicals,941.69,23,40.94,43.82,412.62,23,26.96
7,2026-03-02,Tinctures,523.29,22,23.79,49.24,257.68,22,24.87
7,2026-03-03,Flower,8463.39,204,41.49,38.74,3278.93,204,15.39
7,2026-03-03,Pre-Rolls,4234.29,435,9.73,40.46,1713.28,435,20.4
7,2026-03-03,Edibles,4833.57,209,23.13,37.9,1831.72,209,13.19
7,2026-03-03,Vapes,4224.18,94,44.94,33.73,1424.75,94,26.29
7,2026-03-03,Concentrates,1972.9,52,37.94,32.09,633.15,52,7.04
7,2026-03-03,Topicals,768.57,23,33.42,35.65,273.99,23,17.72
7,2026-03-03,Tinctures,541.31,16,33.83,45.09,244.08,16,17.46
7,2026-03-04,Flower,10199.41,257,39.69,38.74,3951.13,257,16.72
7,2026-03-04,Pre-Rolls,4592.53,400,11.48,42.68,1960.24,400,15.02
7,2026-03-04,Edibles,6364.68,267,23.84,30.37,1932.7,267,10.49
7,2026-03-04,Vapes,4969.35,106,46.88,28.96,1439.07,106,12.65
7,2026-03-04,Concentrates,2214.29,70,31.63,39.35,871.43,70,14.35
7,2026-03-04,Topicals,889.43,39,22.81,35.84,318.77,39,16.11
7,2026-03-04,Tinctures,569.59,17,33.51,44.65,254.34,17,20.53
7,2026-03-05,Flower,9720.02,220,44.18,39.09,3799.51,220,18.26
7,2026-03-05,Pre-Rolls,4073.48,381,10.69,41.8,1702.54,381,10.84
7,2026-03-05,Edibles,5801.51,284,20.43,30.82,1788.27,284,26.07
7,2026-03-05,Vapes,5086.83,123,41.36,32.86,1671.47,123,28.17
7,2026-03-05,Concentrates,1814.68,84,21.6,30.38,551.35,84,10.01
7,2026-03-05,Topicals,794.34,29,27.39,38.03,302.06,29,25.39
7,2026-03-05,Tinctures,584.46,22,26.57,47.06,275.02,22,29.95
7,2026-03-06,Flower,11194.0,212,52.8,42.4,4746.05,212,19.77
7,2026-03-06,Pre-Rolls,3933.75,389,10.11,48.22,1896.98,389,24.58
7,2026-03-06,Edibles,5704.85,270,21.13,35.8,2042.31,270,21.38
7,2026-03-06,Vapes,5205.76,137,38.0,32.61,1697.68,137,8.73
7,2026-03-06,Concentrates,1994.13,81,24.62,37.49,747.63,81,16.86
7,2026-03-06,Topicals,875.27,24,36.47,42.58,372.66,24,23.06
7,2026-03-06,Tinctures,577.18,16,36.07,43.13,248.94,16,9.7
7,2026-03-07,Flower,11595.62,227,51.08,37.1,4301.49,227,13.3
7,2026-03-07,Pre-Rolls,4769.94,449,10.62,45.78,2183.44,449,8.21
7,2026-03-07,Edibles,6843.86,451,15.17,38.1,2607.78,451,25.86
7,2026-03-07,Vapes,5476.54,154,35.56,31.86,1744.7,154,15.08
7,2026-03-07,Concentrates,2322.87,75,30.97,33.26,772.6,75,5.58
7,2026-03-07,Topicals,996.78,25,39.87,36.54,364.19,25,28.82
7,2026-03-07,Tinctures,607.3,18,33.74,46.03,279.54,18,20.2
7,2026-03-08,Flower,13285.05,223,59.57,37.04,4921.05,223,12.47
7,2026-03-08,Pre-Rolls,5340.9,573,9.32,41.09,2194.38,573,19.24
7,2026-03-08,Edibles,7003.87,246,28.47,30.93,2166.46,246,7.61
7,2026-03-08,Vapes,6432.53,249,25.83,31.89,2051.35,249,17.22
7,2026-03-08,Concentrates,2320.24,108,21.48,39.63,919.51,108,12.1
7,2026-03-08,Topicals,1004.22,30,33.47,35.7,358.5,30,6.44
7,2026-03-08,Tinctures,709.86,30,23.66,48.6,344.97,30,15.27
7,2026-03-09,Flower,9697.99,291,33.33,40.36,3914.55,291,13.7
7,2026-03-09,Pre-Rolls,4077.5,277,14.72,48.66,1983.99,277,8.25
7,2026-03-09,Edibles,5599.59,260,21.54,37.1,2077.26,260,16.87
7,2026-03-09,Vapes,5465.91,112,48.8,30.87,1687.6,112,17.56
7,2026-03-09,Concentrates,2159.42,84,25.71,30.07,649.43,84,8.57
7,2026-03-09,Topicals,814.64,29,28.09,43.08,350.91,29,18.15
7,2026-03-09,Tinctures,643.81,17,37.87,44.6,287.15,17,19.4
7,2026-03-10,Flower,9011.73,233,38.68,43.81,3948.03,233,13.39
7,2026-03-10,Pre-Rolls,3834.9,295,13.0,42.97,1648.03,295,20.33
7,2026-03-10,Edibles,5221.03,296,17.64,32.49,1696.38,296,27.5
7,2026-03-10,Vapes,4631.02,127,36.46,34.11,1579.56,127,9.59
7,2026-03-10,Concentrates,1744.3,62,28.13,39.46,688.25,62,10.99
7,2026-03-10,Topicals,792.09,31,25.55,41.28,326.98,31,12.3
7,2026-03-10,Tinctures,532.56,15,35.5,47.22,251.49,15,10.43
7,2026-03-11,Flower,10555.04,176,59.97,40.53,4277.77,176,20.93
7,2026-03-11,Pre-Rolls,4145.87,474,8.75,47.67,1976.15,474,13.15
7,2026-03-11,Edibles,5980.06,318,18.81,35.06,2096.65,318,16.55
7,2026-03-11,Vapes,4971.42,117,42.49,32.5,1615.58,117,14.53
7,2026-03-11,Concentrates,2217.74,59,37.59,33.97,753.29,59,5.27
7,2026-03-11,Topicals,836.09,21,39.81,38.27,319.98,21,23.72
7,2026-03-11,Tinctures,602.09,28,21.5,45.48,273.86,28,11.06
7,2026-03-12,Flower,9072.94,265,34.24,43.2,3919.9,265,18.78
7,2026-03-12,Pre-Rolls,3332.31,410,8.13,41.01,1366.42,410,12.35
7,2026-03-12,Edibles,4789.41,229,20.91,30.78,1473.98,229,24.09
7,2026-03-12,Vapes,4432.67,153,28.97,28.58,1266.89,153,10.42
7,2026-03-12,Concentrates,1509.75,45,33.55,32.16,485.56,45,22.42
7,2026-03-12,Topicals,761.48,21,36.26,41.41,315.33,21,22.91
7,2026-03-12,Tinctures,513.41,18,28.52,43.08,221.19,18,6.31
7,2026-03-13,Flower,8939.47,168,53.21,42.67,3814.57,168,20.0
7,2026-03-13,Pre-Rolls,4145.87,428,9.69,40.91,1696.23,428,15.54
7,2026-03-13,Edibles,6224.83,310,20.08,31.92,1987.06,310,21.72
7,2026-03-13,Vapes,4817.79,102,47.23,32.97,1588.39,102,25.76
7,2026-03-13,Concentrates,1852.67,79,23.45,34.16,632.81,79,7.69
7,2026-03-13,Topicals,821.09,26,31.58,36.9,302.95,26,10.18
7,2026-03-13,Tinctures,571.73,14,40.84,41.21,235.6,14,10.34
7,2026-03-14,Flower,13931.62,395,35.27,39.02,5436.31,395,11.43
7,2026-03-14,Pre-Rolls,6010.78,536,11.21,40.66,2443.99,536,25.38
7,2026-03-14,Edibles,8441.81,411,20.54,30.67,2589.38,411,10.46
7,2026-03-14,Vapes,7083.63,177,40.02,34.83,2467.3,177,7.55
7,2026-03-14,Concentrates,2889.37,72,40.13,38.5,1112.54,72,9.29
7,2026-03-14,Topicals,1342.27,41,32.74,44.81,601.53,41,22.41
7,2026-03-14,Tinctures,848.76,21,40.42,46.94,398.39,21,13.3
7,2026-03-15,Flower,12686.74,224,56.64,38.18,4843.76,224,18.92
7,2026-03-15,Pre-Rolls,5274.95,509,10.36,46.09,2430.98,509,19.63
7,2026-03-15,Edibles,6892.43,280,24.62,32.32,2227.93,280,19.69
7,2026-03-15,Vapes,6973.14,226,30.85,31.16,2173.07,226,27.42
7,2026-03-15,Concentrates,2376.02,68,34.94,37.57,892.73,68,20.49
7,2026-03-15,Topicals,965.58,35,27.59,37.97,366.6,35,8.79
7,2026-03-15,Tinctures,664.12,31,21.42,49.23,326.97,31,19.95
7,2026-03-16,Flower,12035.94,230,52.33,38.29,4608.19,230,10.89
7,2026-03-16,Pre-Rolls,4871.95,365,13.35,45.21,2202.55,365,29.44
7,2026-03-16,Edibles,6501.54,336,19.35,30.24,1965.87,336,26.17
7,2026-03-16,Vapes,5491.33,176,31.2,30.39,1668.99,176,27.67
7,2026-03-16,Concentrates,2283.04,91,25.09,36.87,841.84,91,22.99
7,2026-03-16,Topicals,967.66,35,27.65,38.22,369.8,35,16.06
7,2026-03-16,Tinctures,569.07,15,37.94,40.7,231.61,15,9.81
7,2026-03-17,Flower,11176.93,326,34.29,37.04,4140.18,326,8.28
7,2026-03-17,Pre-Rolls,4751.18,343,13.85,49.32,2343.19,343,10.91
7,2026-03-17,Edibles,5694.94,220,25.89,33.11,1885.86,220,23.04
7,2026-03-17,Vapes,5312.14,180,29.51,27.49,1460.29,180,12.13
7,2026-03-17,Concentrates,2154.37,65,33.14,32.72,704.88,65,24.53
7,2026-03-17,Topicals,854.59,21,40.69,38.98,333.14,21,9.19
7,2026-03-17,Tinctures,614.68,20,30.73,47.35,291.04,20,24.01
